date,currency,usd_rate,source
2023-03-28,USD,1.000000,ecb_frankfurter
2023-03-28,GBP,1.232802,ecb_frankfurter
2023-03-28,EUR,1.084105,ecb_frankfurter
2023-03-28,CAD,0.732332,ecb_frankfurter
2023-03-29,USD,1.000000,ecb_frankfurter
2023-03-29,GBP,1.232787,ecb_frankfurter
2023-03-29,EUR,1.084705,ecb_frankfurter
2023-03-29,CAD,0.735943,ecb_frankfurter
2023-03-30,USD,1.000000,ecb_frankfurter
2023-03-30,GBP,1.234751,ecb_frankfurter
2023-03-30,EUR,1.088601,ecb_frankfurter
2023-03-30,CAD,0.738552,ecb_frankfurter
2023-03-31,USD,1.000000,ecb_frankfurter
2023-03-31,GBP,1.236920,ecb_frankfurter
2023-03-31,EUR,1.087500,ecb_frankfurter
2023-03-31,CAD,0.737953,ecb_frankfurter
2023-04-01,USD,1.000000,ecb_frankfurter
2023-04-01,GBP,1.236920,ecb_frankfurter
2023-04-01,EUR,1.087500,ecb_frankfurter
2023-04-01,CAD,0.737953,ecb_frankfurter
2023-04-02,USD,1.000000,ecb_frankfurter
2023-04-02,GBP,1.236920,ecb_frankfurter
2023-04-02,EUR,1.087500,ecb_frankfurter
2023-04-02,CAD,0.737953,ecb_frankfurter
2023-04-03,USD,1.000000,ecb_frankfurter
2023-04-03,GBP,1.238175,ecb_frankfurter
2023-04-03,EUR,1.087004,ecb_frankfurter
2023-04-03,CAD,0.743108,ecb_frankfurter
2023-04-04,USD,1.000000,ecb_frankfurter
2023-04-04,GBP,1.248206,ecb_frankfurter
2023-04-04,EUR,1.090096,ecb_frankfurter
2023-04-04,CAD,0.744546,ecb_frankfurter
2023-04-05,USD,1.000000,ecb_frankfurter
2023-04-05,GBP,1.247645,ecb_frankfurter
2023-04-05,EUR,1.093996,ecb_frankfurter
2023-04-05,CAD,0.743273,ecb_frankfurter
2023-04-06,USD,1.000000,ecb_frankfurter
2023-04-06,GBP,1.247505,ecb_frankfurter
2023-04-06,EUR,1.091500,ecb_frankfurter
2023-04-06,CAD,0.742335,ecb_frankfurter
2023-04-07,USD,1.000000,ecb_frankfurter
2023-04-07,GBP,1.247505,ecb_frankfurter
2023-04-07,EUR,1.091500,ecb_frankfurter
2023-04-07,CAD,0.742335,ecb_frankfurter
2023-04-08,USD,1.000000,ecb_frankfurter
2023-04-08,GBP,1.247505,ecb_frankfurter
2023-04-08,EUR,1.091500,ecb_frankfurter
2023-04-08,CAD,0.742335,ecb_frankfurter
2023-04-09,USD,1.000000,ecb_frankfurter
2023-04-09,GBP,1.247505,ecb_frankfurter
2023-04-09,EUR,1.091500,ecb_frankfurter
2023-04-09,CAD,0.742335,ecb_frankfurter
2023-04-10,USD,1.000000,ecb_frankfurter
2023-04-10,GBP,1.247505,ecb_frankfurter
2023-04-10,EUR,1.091500,ecb_frankfurter
2023-04-10,CAD,0.742335,ecb_frankfurter
2023-04-11,USD,1.000000,ecb_frankfurter
2023-04-11,GBP,1.242900,ecb_frankfurter
2023-04-11,EUR,1.090501,ecb_frankfurter
2023-04-11,CAD,0.740247,ecb_frankfurter
2023-04-12,USD,1.000000,ecb_frankfurter
2023-04-12,GBP,1.240602,ecb_frankfurter
2023-04-12,EUR,1.092204,ecb_frankfurter
2023-04-12,CAD,0.741565,ecb_frankfurter
2023-04-13,USD,1.000000,ecb_frankfurter
2023-04-13,GBP,1.250876,ecb_frankfurter
2023-04-13,EUR,1.101504,ecb_frankfurter
2023-04-13,CAD,0.746324,ecb_frankfurter
2023-04-14,USD,1.000000,ecb_frankfurter
2023-04-14,GBP,1.250219,ecb_frankfurter
2023-04-14,EUR,1.105705,ecb_frankfurter
2023-04-14,CAD,0.750920,ecb_frankfurter
2023-04-15,USD,1.000000,ecb_frankfurter
2023-04-15,GBP,1.250219,ecb_frankfurter
2023-04-15,EUR,1.105705,ecb_frankfurter
2023-04-15,CAD,0.750920,ecb_frankfurter
2023-04-16,USD,1.000000,ecb_frankfurter
2023-04-16,GBP,1.250219,ecb_frankfurter
2023-04-16,EUR,1.105705,ecb_frankfurter
2023-04-16,CAD,0.750920,ecb_frankfurter
2023-04-17,USD,1.000000,ecb_frankfurter
2023-04-17,GBP,1.242576,ecb_frankfurter
2023-04-17,EUR,1.098105,ecb_frankfurter
2023-04-17,CAD,0.748391,ecb_frankfurter
2023-04-18,USD,1.000000,ecb_frankfurter
2023-04-18,GBP,1.244803,ecb_frankfurter
2023-04-18,EUR,1.097201,ecb_frankfurter
2023-04-18,CAD,0.747440,ecb_frankfurter
2023-04-19,USD,1.000000,ecb_frankfurter
2023-04-19,GBP,1.240864,ecb_frankfurter
2023-04-19,EUR,1.093302,ecb_frankfurter
2023-04-19,CAD,0.743826,ecb_frankfurter
2023-04-20,USD,1.000000,ecb_frankfurter
2023-04-20,GBP,1.241480,ecb_frankfurter
2023-04-20,EUR,1.094403,ecb_frankfurter
2023-04-20,CAD,0.741620,ecb_frankfurter
2023-04-21,USD,1.000000,ecb_frankfurter
2023-04-21,GBP,1.239465,ecb_frankfurter
2023-04-21,EUR,1.097803,ecb_frankfurter
2023-04-21,CAD,0.738825,ecb_frankfurter
2023-04-22,USD,1.000000,ecb_frankfurter
2023-04-22,GBP,1.239465,ecb_frankfurter
2023-04-22,EUR,1.097803,ecb_frankfurter
2023-04-22,CAD,0.738825,ecb_frankfurter
2023-04-23,USD,1.000000,ecb_frankfurter
2023-04-23,GBP,1.239465,ecb_frankfurter
2023-04-23,EUR,1.097803,ecb_frankfurter
2023-04-23,CAD,0.738825,ecb_frankfurter
2023-04-24,USD,1.000000,ecb_frankfurter
2023-04-24,GBP,1.243688,ecb_frankfurter
2023-04-24,EUR,1.100195,ecb_frankfurter
2023-04-24,CAD,0.738116,ecb_frankfurter
2023-04-25,USD,1.000000,ecb_frankfurter
2023-04-25,GBP,1.243379,ecb_frankfurter
2023-04-25,EUR,1.102196,ecb_frankfurter
2023-04-25,CAD,0.735565,ecb_frankfurter
2023-04-26,USD,1.000000,ecb_frankfurter
2023-04-26,GBP,1.246494,ecb_frankfurter
2023-04-26,EUR,1.103899,ecb_frankfurter
2023-04-26,CAD,0.734214,ecb_frankfurter
2023-04-27,USD,1.000000,ecb_frankfurter
2023-04-27,GBP,1.248704,ecb_frankfurter
2023-04-27,EUR,1.104204,ecb_frankfurter
2023-04-27,CAD,0.734107,ecb_frankfurter
2023-04-28,USD,1.000000,ecb_frankfurter
2023-04-28,GBP,1.247132,ecb_frankfurter
2023-04-28,EUR,1.098105,ecb_frankfurter
2023-04-28,CAD,0.732977,ecb_frankfurter
2023-04-29,USD,1.000000,ecb_frankfurter
2023-04-29,GBP,1.247132,ecb_frankfurter
2023-04-29,EUR,1.098105,ecb_frankfurter
2023-04-29,CAD,0.732977,ecb_frankfurter
2023-04-30,USD,1.000000,ecb_frankfurter
2023-04-30,GBP,1.247132,ecb_frankfurter
2023-04-30,EUR,1.098105,ecb_frankfurter
2023-04-30,CAD,0.732977,ecb_frankfurter
2023-05-01,USD,1.000000,ecb_frankfurter
2023-05-01,GBP,1.247132,ecb_frankfurter
2023-05-01,EUR,1.098105,ecb_frankfurter
2023-05-01,CAD,0.732977,ecb_frankfurter
2023-05-02,USD,1.000000,ecb_frankfurter
2023-05-02,GBP,1.247894,ecb_frankfurter
2023-05-02,EUR,1.096503,ecb_frankfurter
2023-05-02,CAD,0.736648,ecb_frankfurter
2023-05-03,USD,1.000000,ecb_frankfurter
2023-05-03,GBP,1.251126,ecb_frankfurter
2023-05-03,EUR,1.104301,ecb_frankfurter
2023-05-03,CAD,0.733999,ecb_frankfurter
2023-05-04,USD,1.000000,ecb_frankfurter
2023-05-04,GBP,1.258194,ecb_frankfurter
2023-05-04,EUR,1.107395,ecb_frankfurter
2023-05-04,CAD,0.734754,ecb_frankfurter
2023-05-05,USD,1.000000,ecb_frankfurter
2023-05-05,GBP,1.260494,ecb_frankfurter
2023-05-05,EUR,1.101394,ecb_frankfurter
2023-05-05,CAD,0.741180,ecb_frankfurter
2023-05-06,USD,1.000000,ecb_frankfurter
2023-05-06,GBP,1.260494,ecb_frankfurter
2023-05-06,EUR,1.101394,ecb_frankfurter
2023-05-06,CAD,0.741180,ecb_frankfurter
2023-05-07,USD,1.000000,ecb_frankfurter
2023-05-07,GBP,1.260494,ecb_frankfurter
2023-05-07,EUR,1.101394,ecb_frankfurter
2023-05-07,CAD,0.741180,ecb_frankfurter
2023-05-08,USD,1.000000,ecb_frankfurter
2023-05-08,GBP,1.265310,ecb_frankfurter
2023-05-08,EUR,1.103704,ecb_frankfurter
2023-05-08,CAD,0.750300,ecb_frankfurter
2023-05-09,USD,1.000000,ecb_frankfurter
2023-05-09,GBP,1.259795,ecb_frankfurter
2023-05-09,EUR,1.095902,ecb_frankfurter
2023-05-09,CAD,0.746603,ecb_frankfurter
2023-05-10,USD,1.000000,ecb_frankfurter
2023-05-10,GBP,1.261336,ecb_frankfurter
2023-05-10,EUR,1.095002,ecb_frankfurter
2023-05-10,CAD,0.747105,ecb_frankfurter
2023-05-11,USD,1.000000,ecb_frankfurter
2023-05-11,GBP,1.259287,ecb_frankfurter
2023-05-11,EUR,1.093004,ecb_frankfurter
2023-05-11,CAD,0.744934,ecb_frankfurter
2023-05-12,USD,1.000000,ecb_frankfurter
2023-05-12,GBP,1.251674,ecb_frankfurter
2023-05-12,EUR,1.089194,ecb_frankfurter
2023-05-12,CAD,0.740850,ecb_frankfurter
2023-05-13,USD,1.000000,ecb_frankfurter
2023-05-13,GBP,1.251674,ecb_frankfurter
2023-05-13,EUR,1.089194,ecb_frankfurter
2023-05-13,CAD,0.740850,ecb_frankfurter
2023-05-14,USD,1.000000,ecb_frankfurter
2023-05-14,GBP,1.251674,ecb_frankfurter
2023-05-14,EUR,1.089194,ecb_frankfurter
2023-05-14,CAD,0.740850,ecb_frankfurter
2023-05-15,USD,1.000000,ecb_frankfurter
2023-05-15,GBP,1.250938,ecb_frankfurter
2023-05-15,EUR,1.087595,ecb_frankfurter
2023-05-15,CAD,0.740686,ecb_frankfurter
2023-05-16,USD,1.000000,ecb_frankfurter
2023-05-16,GBP,1.251580,ecb_frankfurter
2023-05-16,EUR,1.088104,ecb_frankfurter
2023-05-16,CAD,0.742611,ecb_frankfurter
2023-05-17,USD,1.000000,ecb_frankfurter
2023-05-17,GBP,1.246215,ecb_frankfurter
2023-05-17,EUR,1.082896,ecb_frankfurter
2023-05-17,CAD,0.741235,ecb_frankfurter
2023-05-18,USD,1.000000,ecb_frankfurter
2023-05-18,GBP,1.244447,ecb_frankfurter
2023-05-18,EUR,1.081303,ecb_frankfurter
2023-05-18,CAD,0.742225,ecb_frankfurter
2023-05-19,USD,1.000000,ecb_frankfurter
2023-05-19,GBP,1.244586,ecb_frankfurter
2023-05-19,EUR,1.080801,ecb_frankfurter
2023-05-19,CAD,0.741565,ecb_frankfurter
2023-05-20,USD,1.000000,ecb_frankfurter
2023-05-20,GBP,1.244586,ecb_frankfurter
2023-05-20,EUR,1.080801,ecb_frankfurter
2023-05-20,CAD,0.741565,ecb_frankfurter
2023-05-21,USD,1.000000,ecb_frankfurter
2023-05-21,GBP,1.244586,ecb_frankfurter
2023-05-21,EUR,1.080801,ecb_frankfurter
2023-05-21,CAD,0.741565,ecb_frankfurter
2023-05-22,USD,1.000000,ecb_frankfurter
2023-05-22,GBP,1.246121,ecb_frankfurter
2023-05-22,EUR,1.082204,ecb_frankfurter
2023-05-22,CAD,0.740302,ecb_frankfurter
2023-05-23,USD,1.000000,ecb_frankfurter
2023-05-23,GBP,1.239065,ecb_frankfurter
2023-05-23,EUR,1.077900,ecb_frankfurter
2023-05-23,CAD,0.739754,ecb_frankfurter
2023-05-24,USD,1.000000,ecb_frankfurter
2023-05-24,GBP,1.239757,ecb_frankfurter
2023-05-24,EUR,1.078504,ecb_frankfurter
2023-05-24,CAD,0.738716,ecb_frankfurter
2023-05-25,USD,1.000000,ecb_frankfurter
2023-05-25,GBP,1.236858,ecb_frankfurter
2023-05-25,EUR,1.073503,ecb_frankfurter
2023-05-25,CAD,0.735348,ecb_frankfurter
2023-05-26,USD,1.000000,ecb_frankfurter
2023-05-26,GBP,1.238405,ecb_frankfurter
2023-05-26,EUR,1.075095,ecb_frankfurter
2023-05-26,CAD,0.734862,ecb_frankfurter
2023-05-27,USD,1.000000,ecb_frankfurter
2023-05-27,GBP,1.238405,ecb_frankfurter
2023-05-27,EUR,1.075095,ecb_frankfurter
2023-05-27,CAD,0.734862,ecb_frankfurter
2023-05-28,USD,1.000000,ecb_frankfurter
2023-05-28,GBP,1.238405,ecb_frankfurter
2023-05-28,EUR,1.075095,ecb_frankfurter
2023-05-28,CAD,0.734862,ecb_frankfurter
2023-05-29,USD,1.000000,ecb_frankfurter
2023-05-29,GBP,1.234370,ecb_frankfurter
2023-05-29,EUR,1.071501,ecb_frankfurter
2023-05-29,CAD,0.735727,ecb_frankfurter
2023-05-30,USD,1.000000,ecb_frankfurter
2023-05-30,GBP,1.244029,ecb_frankfurter
2023-05-30,EUR,1.074402,ecb_frankfurter
2023-05-30,CAD,0.736594,ecb_frankfurter
2023-05-31,USD,1.000000,ecb_frankfurter
2023-05-31,GBP,1.236384,ecb_frankfurter
2023-05-31,EUR,1.068296,ecb_frankfurter
2023-05-31,CAD,0.732601,ecb_frankfurter
2023-06-01,USD,1.000000,ecb_frankfurter
2023-06-01,GBP,1.246401,ecb_frankfurter
2023-06-01,EUR,1.069702,ecb_frankfurter
2023-06-01,CAD,0.737028,ecb_frankfurter
2023-06-02,USD,1.000000,ecb_frankfurter
2023-06-02,GBP,1.252536,ecb_frankfurter
2023-06-02,EUR,1.076299,ecb_frankfurter
2023-06-02,CAD,0.745212,ecb_frankfurter
2023-06-03,USD,1.000000,ecb_frankfurter
2023-06-03,GBP,1.252536,ecb_frankfurter
2023-06-03,EUR,1.076299,ecb_frankfurter
2023-06-03,CAD,0.745212,ecb_frankfurter
2023-06-04,USD,1.000000,ecb_frankfurter
2023-06-04,GBP,1.252536,ecb_frankfurter
2023-06-04,EUR,1.076299,ecb_frankfurter
2023-06-04,CAD,0.745212,ecb_frankfurter
2023-06-05,USD,1.000000,ecb_frankfurter
2023-06-05,GBP,1.238375,ecb_frankfurter
2023-06-05,EUR,1.069004,ecb_frankfurter
2023-06-05,CAD,0.744048,ecb_frankfurter
2023-06-06,USD,1.000000,ecb_frankfurter
2023-06-06,GBP,1.240726,ecb_frankfurter
2023-06-06,EUR,1.068296,ecb_frankfurter
2023-06-06,CAD,0.744879,ecb_frankfurter
2023-06-07,USD,1.000000,ecb_frankfurter
2023-06-07,GBP,1.246603,ecb_frankfurter
2023-06-07,EUR,1.071696,ecb_frankfurter
2023-06-07,CAD,0.746770,ecb_frankfurter
2023-06-08,USD,1.000000,ecb_frankfurter
2023-06-08,GBP,1.246852,ecb_frankfurter
2023-06-08,EUR,1.073699,ecb_frankfurter
2023-06-08,CAD,0.748615,ecb_frankfurter
2023-06-09,USD,1.000000,ecb_frankfurter
2023-06-09,GBP,1.256487,ecb_frankfurter
2023-06-09,EUR,1.078004,ecb_frankfurter
2023-06-09,CAD,0.750582,ecb_frankfurter
2023-06-10,USD,1.000000,ecb_frankfurter
2023-06-10,GBP,1.256487,ecb_frankfurter
2023-06-10,EUR,1.078004,ecb_frankfurter
2023-06-10,CAD,0.750582,ecb_frankfurter
2023-06-11,USD,1.000000,ecb_frankfurter
2023-06-11,GBP,1.256487,ecb_frankfurter
2023-06-11,EUR,1.078004,ecb_frankfurter
2023-06-11,CAD,0.750582,ecb_frankfurter
2023-06-12,USD,1.000000,ecb_frankfurter
2023-06-12,GBP,1.256455,ecb_frankfurter
2023-06-12,EUR,1.076496,ecb_frankfurter
2023-06-12,CAD,0.749794,ecb_frankfurter
2023-06-13,USD,1.000000,ecb_frankfurter
2023-06-13,GBP,1.257197,ecb_frankfurter
2023-06-13,EUR,1.079296,ecb_frankfurter
2023-06-13,CAD,0.749344,ecb_frankfurter
2023-06-14,USD,1.000000,ecb_frankfurter
2023-06-14,GBP,1.264878,ecb_frankfurter
2023-06-14,EUR,1.080906,ecb_frankfurter
2023-06-14,CAD,0.751767,ecb_frankfurter
2023-06-15,USD,1.000000,ecb_frankfurter
2023-06-15,GBP,1.264574,ecb_frankfurter
2023-06-15,EUR,1.081900,ecb_frankfurter
2023-06-15,CAD,0.750525,ecb_frankfurter
2023-06-16,USD,1.000000,ecb_frankfurter
2023-06-16,GBP,1.283648,ecb_frankfurter
2023-06-16,EUR,1.096599,ecb_frankfurter
2023-06-16,CAD,0.756258,ecb_frankfurter
2023-06-17,USD,1.000000,ecb_frankfurter
2023-06-17,GBP,1.283648,ecb_frankfurter
2023-06-17,EUR,1.096599,ecb_frankfurter
2023-06-17,CAD,0.756258,ecb_frankfurter
2023-06-18,USD,1.000000,ecb_frankfurter
2023-06-18,GBP,1.283648,ecb_frankfurter
2023-06-18,EUR,1.096599,ecb_frankfurter
2023-06-18,CAD,0.756258,ecb_frankfurter
2023-06-19,USD,1.000000,ecb_frankfurter
2023-06-19,GBP,1.280902,ecb_frankfurter
2023-06-19,EUR,1.092204,ecb_frankfurter
2023-06-19,CAD,0.757920,ecb_frankfurter
2023-06-20,USD,1.000000,ecb_frankfurter
2023-06-20,GBP,1.275657,ecb_frankfurter
2023-06-20,EUR,1.093302,ecb_frankfurter
2023-06-20,CAD,0.755401,ecb_frankfurter
2023-06-21,USD,1.000000,ecb_frankfurter
2023-06-21,GBP,1.272669,ecb_frankfurter
2023-06-21,EUR,1.092299,ecb_frankfurter
2023-06-21,CAD,0.756716,ecb_frankfurter
2023-06-22,USD,1.000000,ecb_frankfurter
2023-06-22,GBP,1.275624,ecb_frankfurter
2023-06-22,EUR,1.098503,ecb_frankfurter
2023-06-22,CAD,0.759532,ecb_frankfurter
2023-06-23,USD,1.000000,ecb_frankfurter
2023-06-23,GBP,1.273301,ecb_frankfurter
2023-06-23,EUR,1.088400,ecb_frankfurter
2023-06-23,CAD,0.756888,ecb_frankfurter
2023-06-24,USD,1.000000,ecb_frankfurter
2023-06-24,GBP,1.273301,ecb_frankfurter
2023-06-24,EUR,1.088400,ecb_frankfurter
2023-06-24,CAD,0.756888,ecb_frankfurter
2023-06-25,USD,1.000000,ecb_frankfurter
2023-06-25,GBP,1.273301,ecb_frankfurter
2023-06-25,EUR,1.088400,ecb_frankfurter
2023-06-25,CAD,0.756888,ecb_frankfurter
2023-06-26,USD,1.000000,ecb_frankfurter
2023-06-26,GBP,1.271343,ecb_frankfurter
2023-06-26,EUR,1.091798,ecb_frankfurter
2023-06-26,CAD,0.760630,ecb_frankfurter
2023-06-27,USD,1.000000,ecb_frankfurter
2023-06-27,GBP,1.273512,ecb_frankfurter
2023-06-27,EUR,1.095098,ecb_frankfurter
2023-06-27,CAD,0.760052,ecb_frankfurter
2023-06-28,USD,1.000000,ecb_frankfurter
2023-06-28,GBP,1.265679,ecb_frankfurter
2023-06-28,EUR,1.093805,ecb_frankfurter
2023-06-28,CAD,0.754831,ecb_frankfurter
2023-06-29,USD,1.000000,ecb_frankfurter
2023-06-29,GBP,1.265967,ecb_frankfurter
2023-06-29,EUR,1.093805,ecb_frankfurter
2023-06-29,CAD,0.754205,ecb_frankfurter
2023-06-30,USD,1.000000,ecb_frankfurter
2023-06-30,GBP,1.266015,ecb_frankfurter
2023-06-30,EUR,1.086602,ecb_frankfurter
2023-06-30,CAD,0.753807,ecb_frankfurter
2023-07-01,USD,1.000000,ecb_frankfurter
2023-07-01,GBP,1.266015,ecb_frankfurter
2023-07-01,EUR,1.086602,ecb_frankfurter
2023-07-01,CAD,0.753807,ecb_frankfurter
2023-07-02,USD,1.000000,ecb_frankfurter
2023-07-02,GBP,1.266015,ecb_frankfurter
2023-07-02,EUR,1.086602,ecb_frankfurter
2023-07-02,CAD,0.753807,ecb_frankfurter
2023-07-03,USD,1.000000,ecb_frankfurter
2023-07-03,GBP,1.267620,ecb_frankfurter
2023-07-03,EUR,1.089894,ecb_frankfurter
2023-07-03,CAD,0.754717,ecb_frankfurter
2023-07-04,USD,1.000000,ecb_frankfurter
2023-07-04,GBP,1.271698,ecb_frankfurter
2023-07-04,EUR,1.089503,ecb_frankfurter
2023-07-04,CAD,0.756430,ecb_frankfurter
2023-07-05,USD,1.000000,ecb_frankfurter
2023-07-05,GBP,1.269648,ecb_frankfurter
2023-07-05,EUR,1.087903,ecb_frankfurter
2023-07-05,CAD,0.753012,ecb_frankfurter
2023-07-06,USD,1.000000,ecb_frankfurter
2023-07-06,GBP,1.277580,ecb_frankfurter
2023-07-06,EUR,1.089894,ecb_frankfurter
2023-07-06,CAD,0.752219,ecb_frankfurter
2023-07-07,USD,1.000000,ecb_frankfurter
2023-07-07,GBP,1.276471,ecb_frankfurter
2023-07-07,EUR,1.088803,ecb_frankfurter
2023-07-07,CAD,0.747943,ecb_frankfurter
2023-07-08,USD,1.000000,ecb_frankfurter
2023-07-08,GBP,1.276471,ecb_frankfurter
2023-07-08,EUR,1.088803,ecb_frankfurter
2023-07-08,CAD,0.747943,ecb_frankfurter
2023-07-09,USD,1.000000,ecb_frankfurter
2023-07-09,GBP,1.276471,ecb_frankfurter
2023-07-09,EUR,1.088803,ecb_frankfurter
2023-07-09,CAD,0.747943,ecb_frankfurter
2023-07-10,USD,1.000000,ecb_frankfurter
2023-07-10,GBP,1.277923,ecb_frankfurter
2023-07-10,EUR,1.095602,ecb_frankfurter
2023-07-10,CAD,0.752899,ecb_frankfurter
2023-07-11,USD,1.000000,ecb_frankfurter
2023-07-11,GBP,1.291156,ecb_frankfurter
2023-07-11,EUR,1.098901,ecb_frankfurter
2023-07-11,CAD,0.753296,ecb_frankfurter
2023-07-12,USD,1.000000,ecb_frankfurter
2023-07-12,GBP,1.290972,ecb_frankfurter
2023-07-12,EUR,1.102196,ecb_frankfurter
2023-07-12,CAD,0.756258,ecb_frankfurter
2023-07-13,USD,1.000000,ecb_frankfurter
2023-07-13,GBP,1.307019,ecb_frankfurter
2023-07-13,EUR,1.118206,ecb_frankfurter
2023-07-13,CAD,0.759936,ecb_frankfurter
2023-07-14,USD,1.000000,ecb_frankfurter
2023-07-14,GBP,1.311011,ecb_frankfurter
2023-07-14,EUR,1.122095,ecb_frankfurter
2023-07-14,CAD,0.761905,ecb_frankfurter
2023-07-15,USD,1.000000,ecb_frankfurter
2023-07-15,GBP,1.311011,ecb_frankfurter
2023-07-15,EUR,1.122095,ecb_frankfurter
2023-07-15,CAD,0.761905,ecb_frankfurter
2023-07-16,USD,1.000000,ecb_frankfurter
2023-07-16,GBP,1.311011,ecb_frankfurter
2023-07-16,EUR,1.122095,ecb_frankfurter
2023-07-16,CAD,0.761905,ecb_frankfurter
2023-07-17,USD,1.000000,ecb_frankfurter
2023-07-17,GBP,1.307754,ecb_frankfurter
2023-07-17,EUR,1.123002,ecb_frankfurter
2023-07-17,CAD,0.756487,ecb_frankfurter
2023-07-18,USD,1.000000,ecb_frankfurter
2023-07-18,GBP,1.311183,ecb_frankfurter
2023-07-18,EUR,1.125505,ecb_frankfurter
2023-07-18,CAD,0.757289,ecb_frankfurter
2023-07-19,USD,1.000000,ecb_frankfurter
2023-07-19,GBP,1.291106,ecb_frankfurter
2023-07-19,EUR,1.122196,ecb_frankfurter
2023-07-19,CAD,0.758495,ecb_frankfurter
2023-07-20,USD,1.000000,ecb_frankfurter
2023-07-20,GBP,1.288195,ecb_frankfurter
2023-07-20,EUR,1.119695,ecb_frankfurter
2023-07-20,CAD,0.760861,ecb_frankfurter
2023-07-21,USD,1.000000,ecb_frankfurter
2023-07-21,GBP,1.282841,ecb_frankfurter
2023-07-21,EUR,1.112298,ecb_frankfurter
2023-07-21,CAD,0.758323,ecb_frankfurter
2023-07-22,USD,1.000000,ecb_frankfurter
2023-07-22,GBP,1.282841,ecb_frankfurter
2023-07-22,EUR,1.112298,ecb_frankfurter
2023-07-22,CAD,0.758323,ecb_frankfurter
2023-07-23,USD,1.000000,ecb_frankfurter
2023-07-23,GBP,1.282841,ecb_frankfurter
2023-07-23,EUR,1.112298,ecb_frankfurter
2023-07-23,CAD,0.758323,ecb_frankfurter
2023-07-24,USD,1.000000,ecb_frankfurter
2023-07-24,GBP,1.285000,ecb_frankfurter
2023-07-24,EUR,1.109595,ecb_frankfurter
2023-07-24,CAD,0.758208,ecb_frankfurter
2023-07-25,USD,1.000000,ecb_frankfurter
2023-07-25,GBP,1.282791,ecb_frankfurter
2023-07-25,EUR,1.105094,ecb_frankfurter
2023-07-25,CAD,0.758898,ecb_frankfurter
2023-07-26,USD,1.000000,ecb_frankfurter
2023-07-26,GBP,1.290506,ecb_frankfurter
2023-07-26,EUR,1.105901,ecb_frankfurter
2023-07-26,CAD,0.756430,ecb_frankfurter
2023-07-27,USD,1.000000,ecb_frankfurter
2023-07-27,GBP,1.295337,ecb_frankfurter
2023-07-27,EUR,1.112496,ecb_frankfurter
2023-07-27,CAD,0.759186,ecb_frankfurter
2023-07-28,USD,1.000000,ecb_frankfurter
2023-07-28,GBP,1.286819,ecb_frankfurter
2023-07-28,EUR,1.100994,ecb_frankfurter
2023-07-28,CAD,0.756544,ecb_frankfurter
2023-07-29,USD,1.000000,ecb_frankfurter
2023-07-29,GBP,1.286819,ecb_frankfurter
2023-07-29,EUR,1.100994,ecb_frankfurter
2023-07-29,CAD,0.756544,ecb_frankfurter
2023-07-30,USD,1.000000,ecb_frankfurter
2023-07-30,GBP,1.286819,ecb_frankfurter
2023-07-30,EUR,1.100994,ecb_frankfurter
2023-07-30,CAD,0.756544,ecb_frankfurter
2023-07-31,USD,1.000000,ecb_frankfurter
2023-07-31,GBP,1.285264,ecb_frankfurter
2023-07-31,EUR,1.102305,ecb_frankfurter
2023-07-31,CAD,0.756773,ecb_frankfurter
2023-08-01,USD,1.000000,ecb_frankfurter
2023-08-01,GBP,1.277580,ecb_frankfurter
2023-08-01,EUR,1.096996,ecb_frankfurter
2023-08-01,CAD,0.752955,ecb_frankfurter
2023-08-02,USD,1.000000,ecb_frankfurter
2023-08-02,GBP,1.276764,ecb_frankfurter
2023-08-02,EUR,1.098503,ecb_frankfurter
2023-08-02,CAD,0.751315,ecb_frankfurter
2023-08-03,USD,1.000000,ecb_frankfurter
2023-08-03,GBP,1.264286,ecb_frankfurter
2023-08-03,EUR,1.093195,ecb_frankfurter
2023-08-03,CAD,0.747775,ecb_frankfurter
2023-08-04,USD,1.000000,ecb_frankfurter
2023-08-04,GBP,1.269938,ecb_frankfurter
2023-08-04,EUR,1.094595,ecb_frankfurter
2023-08-04,CAD,0.747272,ecb_frankfurter
2023-08-05,USD,1.000000,ecb_frankfurter
2023-08-05,GBP,1.269938,ecb_frankfurter
2023-08-05,EUR,1.094595,ecb_frankfurter
2023-08-05,CAD,0.747272,ecb_frankfurter
2023-08-06,USD,1.000000,ecb_frankfurter
2023-08-06,GBP,1.269938,ecb_frankfurter
2023-08-06,EUR,1.094595,ecb_frankfurter
2023-08-06,CAD,0.747272,ecb_frankfurter
2023-08-07,USD,1.000000,ecb_frankfurter
2023-08-07,GBP,1.274795,ecb_frankfurter
2023-08-07,EUR,1.098394,ecb_frankfurter
2023-08-07,CAD,0.747831,ecb_frankfurter
2023-08-08,USD,1.000000,ecb_frankfurter
2023-08-08,GBP,1.270228,ecb_frankfurter
2023-08-08,EUR,1.094403,ecb_frankfurter
2023-08-08,CAD,0.741730,ecb_frankfurter
2023-08-09,USD,1.000000,ecb_frankfurter
2023-08-09,GBP,1.272686,ecb_frankfurter
2023-08-09,EUR,1.096804,ecb_frankfurter
2023-08-09,CAD,0.744103,ecb_frankfurter
2023-08-10,USD,1.000000,ecb_frankfurter
2023-08-10,GBP,1.276634,ecb_frankfurter
2023-08-10,EUR,1.101904,ecb_frankfurter
2023-08-10,CAD,0.746324,ecb_frankfurter
2023-08-11,USD,1.000000,ecb_frankfurter
2023-08-11,GBP,1.273382,ecb_frankfurter
2023-08-11,EUR,1.100401,ecb_frankfurter
2023-08-11,CAD,0.743992,ecb_frankfurter
2023-08-12,USD,1.000000,ecb_frankfurter
2023-08-12,GBP,1.273382,ecb_frankfurter
2023-08-12,EUR,1.100401,ecb_frankfurter
2023-08-12,CAD,0.743992,ecb_frankfurter
2023-08-13,USD,1.000000,ecb_frankfurter
2023-08-13,GBP,1.273382,ecb_frankfurter
2023-08-13,EUR,1.100401,ecb_frankfurter
2023-08-13,CAD,0.743992,ecb_frankfurter
2023-08-14,USD,1.000000,ecb_frankfurter
2023-08-14,GBP,1.267765,ecb_frankfurter
2023-08-14,EUR,1.093004,ecb_frankfurter
2023-08-14,CAD,0.743550,ecb_frankfurter
2023-08-15,USD,1.000000,ecb_frankfurter
2023-08-15,GBP,1.271133,ecb_frankfurter
2023-08-15,EUR,1.092598,ecb_frankfurter
2023-08-15,CAD,0.741125,ecb_frankfurter
2023-08-16,USD,1.000000,ecb_frankfurter
2023-08-16,GBP,1.274567,ecb_frankfurter
2023-08-16,EUR,1.091596,ecb_frankfurter
2023-08-16,CAD,0.741290,ecb_frankfurter
2023-08-17,USD,1.000000,ecb_frankfurter
2023-08-17,GBP,1.276422,ecb_frankfurter
2023-08-17,EUR,1.090001,ecb_frankfurter
2023-08-17,CAD,0.740576,ecb_frankfurter
2023-08-18,USD,1.000000,ecb_frankfurter
2023-08-18,GBP,1.271100,ecb_frankfurter
2023-08-18,EUR,1.086697,ecb_frankfurter
2023-08-18,CAD,0.737572,ecb_frankfurter
2023-08-19,USD,1.000000,ecb_frankfurter
2023-08-19,GBP,1.271100,ecb_frankfurter
2023-08-19,EUR,1.086697,ecb_frankfurter
2023-08-19,CAD,0.737572,ecb_frankfurter
2023-08-20,USD,1.000000,ecb_frankfurter
2023-08-20,GBP,1.271100,ecb_frankfurter
2023-08-20,EUR,1.086697,ecb_frankfurter
2023-08-20,CAD,0.737572,ecb_frankfurter
2023-08-21,USD,1.000000,ecb_frankfurter
2023-08-21,GBP,1.276161,ecb_frankfurter
2023-08-21,EUR,1.090798,ecb_frankfurter
2023-08-21,CAD,0.740905,ecb_frankfurter
2023-08-22,USD,1.000000,ecb_frankfurter
2023-08-22,GBP,1.276503,ecb_frankfurter
2023-08-22,EUR,1.088696,ecb_frankfurter
2023-08-22,CAD,0.739809,ecb_frankfurter
2023-08-23,USD,1.000000,ecb_frankfurter
2023-08-23,GBP,1.261479,ecb_frankfurter
2023-08-23,EUR,1.080497,ecb_frankfurter
2023-08-23,CAD,0.736703,ecb_frankfurter
2023-08-24,USD,1.000000,ecb_frankfurter
2023-08-24,GBP,1.265615,ecb_frankfurter
2023-08-24,EUR,1.083999,ecb_frankfurter
2023-08-24,CAD,0.738116,ecb_frankfurter
2023-08-25,USD,1.000000,ecb_frankfurter
2023-08-25,GBP,1.261989,ecb_frankfurter
2023-08-25,EUR,1.080801,ecb_frankfurter
2023-08-25,CAD,0.736648,ecb_frankfurter
2023-08-26,USD,1.000000,ecb_frankfurter
2023-08-26,GBP,1.261989,ecb_frankfurter
2023-08-26,EUR,1.080801,ecb_frankfurter
2023-08-26,CAD,0.736648,ecb_frankfurter
2023-08-27,USD,1.000000,ecb_frankfurter
2023-08-27,GBP,1.261989,ecb_frankfurter
2023-08-27,EUR,1.080801,ecb_frankfurter
2023-08-27,CAD,0.736648,ecb_frankfurter
2023-08-28,USD,1.000000,ecb_frankfurter
2023-08-28,GBP,1.259446,ecb_frankfurter
2023-08-28,EUR,1.080801,ecb_frankfurter
2023-08-28,CAD,0.735565,ecb_frankfurter
2023-08-29,USD,1.000000,ecb_frankfurter
2023-08-29,GBP,1.258210,ecb_frankfurter
2023-08-29,EUR,1.080299,ecb_frankfurter
2023-08-29,CAD,0.733783,ecb_frankfurter
2023-08-30,USD,1.000000,ecb_frankfurter
2023-08-30,GBP,1.266994,ecb_frankfurter
2023-08-30,EUR,1.088601,ecb_frankfurter
2023-08-30,CAD,0.737354,ecb_frankfurter
2023-08-31,USD,1.000000,ecb_frankfurter
2023-08-31,GBP,1.267877,ecb_frankfurter
2023-08-31,EUR,1.086803,ecb_frankfurter
2023-08-31,CAD,0.738280,ecb_frankfurter
2023-09-01,USD,1.000000,ecb_frankfurter
2023-09-01,GBP,1.267748,ecb_frankfurter
2023-09-01,EUR,1.084399,ecb_frankfurter
2023-09-01,CAD,0.739919,ecb_frankfurter
2023-09-02,USD,1.000000,ecb_frankfurter
2023-09-02,GBP,1.267748,ecb_frankfurter
2023-09-02,EUR,1.084399,ecb_frankfurter
2023-09-02,CAD,0.739919,ecb_frankfurter
2023-09-03,USD,1.000000,ecb_frankfurter
2023-09-03,GBP,1.267748,ecb_frankfurter
2023-09-03,EUR,1.084399,ecb_frankfurter
2023-09-03,CAD,0.739919,ecb_frankfurter
2023-09-04,USD,1.000000,ecb_frankfurter
2023-09-04,GBP,1.262531,ecb_frankfurter
2023-09-04,EUR,1.080100,ecb_frankfurter
2023-09-04,CAD,0.735456,ecb_frankfurter
2023-09-05,USD,1.000000,ecb_frankfurter
2023-09-05,GBP,1.254579,ecb_frankfurter
2023-09-05,EUR,1.073100,ecb_frankfurter
2023-09-05,CAD,0.732386,ecb_frankfurter
2023-09-06,USD,1.000000,ecb_frankfurter
2023-09-06,GBP,1.256676,ecb_frankfurter
2023-09-06,EUR,1.074495,ecb_frankfurter
2023-09-06,CAD,0.732977,ecb_frankfurter
2023-09-07,USD,1.000000,ecb_frankfurter
2023-09-07,GBP,1.246805,ecb_frankfurter
2023-09-07,EUR,1.070996,ecb_frankfurter
2023-09-07,CAD,0.732332,ecb_frankfurter
2023-09-08,USD,1.000000,ecb_frankfurter
2023-09-08,GBP,1.248502,ecb_frankfurter
2023-09-08,EUR,1.070400,ecb_frankfurter
2023-09-08,CAD,0.732011,ecb_frankfurter
2023-09-09,USD,1.000000,ecb_frankfurter
2023-09-09,GBP,1.248502,ecb_frankfurter
2023-09-09,EUR,1.070400,ecb_frankfurter
2023-09-09,CAD,0.732011,ecb_frankfurter
2023-09-10,USD,1.000000,ecb_frankfurter
2023-09-10,GBP,1.248502,ecb_frankfurter
2023-09-10,EUR,1.070400,ecb_frankfurter
2023-09-10,CAD,0.732011,ecb_frankfurter
2023-09-11,USD,1.000000,ecb_frankfurter
2023-09-11,GBP,1.252066,ecb_frankfurter
2023-09-11,EUR,1.072398,ecb_frankfurter
2023-09-11,CAD,0.736269,ecb_frankfurter
2023-09-12,USD,1.000000,ecb_frankfurter
2023-09-12,GBP,1.246790,ecb_frankfurter
2023-09-12,EUR,1.071295,ecb_frankfurter
2023-09-12,CAD,0.736269,ecb_frankfurter
2023-09-13,USD,1.000000,ecb_frankfurter
2023-09-13,GBP,1.246712,ecb_frankfurter
2023-09-13,EUR,1.073295,ecb_frankfurter
2023-09-13,CAD,0.737354,ecb_frankfurter
2023-09-14,USD,1.000000,ecb_frankfurter
2023-09-14,GBP,1.247754,ecb_frankfurter
2023-09-14,EUR,1.072996,ecb_frankfurter
2023-09-14,CAD,0.739754,ecb_frankfurter
2023-09-15,USD,1.000000,ecb_frankfurter
2023-09-15,GBP,1.241064,ecb_frankfurter
2023-09-15,EUR,1.065803,ecb_frankfurter
2023-09-15,CAD,0.739700,ecb_frankfurter
2023-09-16,USD,1.000000,ecb_frankfurter
2023-09-16,GBP,1.241064,ecb_frankfurter
2023-09-16,EUR,1.065803,ecb_frankfurter
2023-09-16,CAD,0.739700,ecb_frankfurter
2023-09-17,USD,1.000000,ecb_frankfurter
2023-09-17,GBP,1.241064,ecb_frankfurter
2023-09-17,EUR,1.065803,ecb_frankfurter
2023-09-17,CAD,0.739700,ecb_frankfurter
2023-09-18,USD,1.000000,ecb_frankfurter
2023-09-18,GBP,1.237854,ecb_frankfurter
2023-09-18,EUR,1.066303,ecb_frankfurter
2023-09-18,CAD,0.740466,ecb_frankfurter
2023-09-19,USD,1.000000,ecb_frankfurter
2023-09-19,GBP,1.241897,ecb_frankfurter
2023-09-19,EUR,1.071295,ecb_frankfurter
2023-09-19,CAD,0.745379,ecb_frankfurter
2023-09-20,USD,1.000000,ecb_frankfurter
2023-09-20,GBP,1.236797,ecb_frankfurter
2023-09-20,EUR,1.070205,ecb_frankfurter
2023-09-20,CAD,0.744934,ecb_frankfurter
2023-09-21,USD,1.000000,ecb_frankfurter
2023-09-21,GBP,1.226467,ecb_frankfurter
2023-09-21,EUR,1.063502,ecb_frankfurter
2023-09-21,CAD,0.740192,ecb_frankfurter
2023-09-22,USD,1.000000,ecb_frankfurter
2023-09-22,GBP,1.226678,ecb_frankfurter
2023-09-22,EUR,1.064702,ecb_frankfurter
2023-09-22,CAD,0.744380,ecb_frankfurter
2023-09-23,USD,1.000000,ecb_frankfurter
2023-09-23,GBP,1.226678,ecb_frankfurter
2023-09-23,EUR,1.064702,ecb_frankfurter
2023-09-23,CAD,0.744380,ecb_frankfurter
2023-09-24,USD,1.000000,ecb_frankfurter
2023-09-24,GBP,1.226678,ecb_frankfurter
2023-09-24,EUR,1.064702,ecb_frankfurter
2023-09-24,CAD,0.744380,ecb_frankfurter
2023-09-25,USD,1.000000,ecb_frankfurter
2023-09-25,GBP,1.222673,ecb_frankfurter
2023-09-25,EUR,1.063298,ecb_frankfurter
2023-09-25,CAD,0.742997,ecb_frankfurter
2023-09-26,USD,1.000000,ecb_frankfurter
2023-09-26,GBP,1.218680,ecb_frankfurter
2023-09-26,EUR,1.060502,ecb_frankfurter
2023-09-26,CAD,0.740686,ecb_frankfurter
2023-09-27,USD,1.000000,ecb_frankfurter
2023-09-27,GBP,1.213681,ecb_frankfurter
2023-09-27,EUR,1.053596,ecb_frankfurter
2023-09-27,CAD,0.739098,ecb_frankfurter
2023-09-28,USD,1.000000,ecb_frankfurter
2023-09-28,GBP,1.220733,ecb_frankfurter
2023-09-28,EUR,1.053896,ecb_frankfurter
2023-09-28,CAD,0.741895,ecb_frankfurter
2023-09-29,USD,1.000000,ecb_frankfurter
2023-09-29,GBP,1.225340,ecb_frankfurter
2023-09-29,EUR,1.059401,ecb_frankfurter
2023-09-29,CAD,0.744657,ecb_frankfurter
2023-09-30,USD,1.000000,ecb_frankfurter
2023-09-30,GBP,1.225340,ecb_frankfurter
2023-09-30,EUR,1.059401,ecb_frankfurter
2023-09-30,CAD,0.744657,ecb_frankfurter
2023-10-01,USD,1.000000,ecb_frankfurter
2023-10-01,GBP,1.225340,ecb_frankfurter
2023-10-01,EUR,1.059401,ecb_frankfurter
2023-10-01,CAD,0.744657,ecb_frankfurter
2023-10-02,USD,1.000000,ecb_frankfurter
2023-10-02,GBP,1.215539,ecb_frankfurter
2023-10-02,EUR,1.052997,ecb_frankfurter
2023-10-02,CAD,0.734592,ecb_frankfurter
2023-10-03,USD,1.000000,ecb_frankfurter
2023-10-03,GBP,1.206447,ecb_frankfurter
2023-10-03,EUR,1.046901,ecb_frankfurter
2023-10-03,CAD,0.728810,ecb_frankfurter
2023-10-04,USD,1.000000,ecb_frankfurter
2023-10-04,GBP,1.212298,ecb_frankfurter
2023-10-04,EUR,1.049703,ecb_frankfurter
2023-10-04,CAD,0.729395,ecb_frankfurter
2023-10-05,USD,1.000000,ecb_frankfurter
2023-10-05,GBP,1.215406,ecb_frankfurter
2023-10-05,EUR,1.052598,ecb_frankfurter
2023-10-05,CAD,0.727008,ecb_frankfurter
2023-10-06,USD,1.000000,ecb_frankfurter
2023-10-06,GBP,1.221016,ecb_frankfurter
2023-10-06,EUR,1.056301,ecb_frankfurter
2023-10-06,CAD,0.728863,ecb_frankfurter
2023-10-07,USD,1.000000,ecb_frankfurter
2023-10-07,GBP,1.221016,ecb_frankfurter
2023-10-07,EUR,1.056301,ecb_frankfurter
2023-10-07,CAD,0.728863,ecb_frankfurter
2023-10-08,USD,1.000000,ecb_frankfurter
2023-10-08,GBP,1.221016,ecb_frankfurter
2023-10-08,EUR,1.056301,ecb_frankfurter
2023-10-08,CAD,0.728863,ecb_frankfurter
2023-10-09,USD,1.000000,ecb_frankfurter
2023-10-09,GBP,1.217182,ecb_frankfurter
2023-10-09,EUR,1.053097,ecb_frankfurter
2023-10-09,CAD,0.732332,ecb_frankfurter
2023-10-10,USD,1.000000,ecb_frankfurter
2023-10-10,GBP,1.224905,ecb_frankfurter
2023-10-10,EUR,1.058201,ecb_frankfurter
2023-10-10,CAD,0.735510,ecb_frankfurter
2023-10-11,USD,1.000000,ecb_frankfurter
2023-10-11,GBP,1.229241,ecb_frankfurter
2023-10-11,EUR,1.060400,ecb_frankfurter
2023-10-11,CAD,0.734916,ecb_frankfurter
2023-10-12,USD,1.000000,ecb_frankfurter
2023-10-12,GBP,1.231042,ecb_frankfurter
2023-10-12,EUR,1.061898,ecb_frankfurter
2023-10-12,CAD,0.735619,ecb_frankfurter
2023-10-13,USD,1.000000,ecb_frankfurter
2023-10-13,GBP,1.217849,ecb_frankfurter
2023-10-13,EUR,1.052399,ecb_frankfurter
2023-10-13,CAD,0.730994,ecb_frankfurter
2023-10-14,USD,1.000000,ecb_frankfurter
2023-10-14,GBP,1.217849,ecb_frankfurter
2023-10-14,EUR,1.052399,ecb_frankfurter
2023-10-14,CAD,0.730994,ecb_frankfurter
2023-10-15,USD,1.000000,ecb_frankfurter
2023-10-15,GBP,1.217849,ecb_frankfurter
2023-10-15,EUR,1.052399,ecb_frankfurter
2023-10-15,CAD,0.730994,ecb_frankfurter
2023-10-16,USD,1.000000,ecb_frankfurter
2023-10-16,GBP,1.217626,ecb_frankfurter
2023-10-16,EUR,1.053796,ecb_frankfurter
2023-10-16,CAD,0.733837,ecb_frankfurter
2023-10-17,USD,1.000000,ecb_frankfurter
2023-10-17,GBP,1.217345,ecb_frankfurter
2023-10-17,EUR,1.056904,ecb_frankfurter
2023-10-17,CAD,0.733407,ecb_frankfurter
2023-10-18,USD,1.000000,ecb_frankfurter
2023-10-18,GBP,1.219839,ecb_frankfurter
2023-10-18,EUR,1.056502,ecb_frankfurter
2023-10-18,CAD,0.732386,ecb_frankfurter
2023-10-19,USD,1.000000,ecb_frankfurter
2023-10-19,GBP,1.212195,ecb_frankfurter
2023-10-19,EUR,1.055799,ecb_frankfurter
2023-10-19,CAD,0.728916,ecb_frankfurter
2023-10-20,USD,1.000000,ecb_frankfurter
2023-10-20,GBP,1.214388,ecb_frankfurter
2023-10-20,EUR,1.059098,ecb_frankfurter
2023-10-20,CAD,0.730834,ecb_frankfurter
2023-10-21,USD,1.000000,ecb_frankfurter
2023-10-21,GBP,1.214388,ecb_frankfurter
2023-10-21,EUR,1.059098,ecb_frankfurter
2023-10-21,CAD,0.730834,ecb_frankfurter
2023-10-22,USD,1.000000,ecb_frankfurter
2023-10-22,GBP,1.214388,ecb_frankfurter
2023-10-22,EUR,1.059098,ecb_frankfurter
2023-10-22,CAD,0.730834,ecb_frankfurter
2023-10-23,USD,1.000000,ecb_frankfurter
2023-10-23,GBP,1.215909,ecb_frankfurter
2023-10-23,EUR,1.059704,ecb_frankfurter
2023-10-23,CAD,0.728704,ecb_frankfurter
2023-10-24,USD,1.000000,ecb_frankfurter
2023-10-24,GBP,1.221717,ecb_frankfurter
2023-10-24,EUR,1.063196,ecb_frankfurter
2023-10-24,CAD,0.730034,ecb_frankfurter
2023-10-25,USD,1.000000,ecb_frankfurter
2023-10-25,GBP,1.212283,ecb_frankfurter
2023-10-25,EUR,1.057597,ecb_frankfurter
2023-10-25,CAD,0.726903,ecb_frankfurter
2023-10-26,USD,1.000000,ecb_frankfurter
2023-10-26,GBP,1.209131,ecb_frankfurter
2023-10-26,EUR,1.053996,ecb_frankfurter
2023-10-26,CAD,0.723641,ecb_frankfurter
2023-10-27,USD,1.000000,ecb_frankfurter
2023-10-27,GBP,1.211284,ecb_frankfurter
2023-10-27,EUR,1.054096,ecb_frankfurter
2023-10-27,CAD,0.723380,ecb_frankfurter
2023-10-28,USD,1.000000,ecb_frankfurter
2023-10-28,GBP,1.211284,ecb_frankfurter
2023-10-28,EUR,1.054096,ecb_frankfurter
2023-10-28,CAD,0.723380,ecb_frankfurter
2023-10-29,USD,1.000000,ecb_frankfurter
2023-10-29,GBP,1.211284,ecb_frankfurter
2023-10-29,EUR,1.054096,ecb_frankfurter
2023-10-29,CAD,0.723380,ecb_frankfurter
2023-10-30,USD,1.000000,ecb_frankfurter
2023-10-30,GBP,1.214152,ecb_frankfurter
2023-10-30,EUR,1.060502,ecb_frankfurter
2023-10-30,CAD,0.722909,ecb_frankfurter
2023-10-31,USD,1.000000,ecb_frankfurter
2023-10-31,GBP,1.215466,ecb_frankfurter
2023-10-31,EUR,1.061898,ecb_frankfurter
2023-10-31,CAD,0.721813,ecb_frankfurter
2023-11-01,USD,1.000000,ecb_frankfurter
2023-11-01,GBP,1.211916,ecb_frankfurter
2023-11-01,EUR,1.053696,ecb_frankfurter
2023-11-01,CAD,0.721241,ecb_frankfurter
2023-11-02,USD,1.000000,ecb_frankfurter
2023-11-02,GBP,1.221121,ecb_frankfurter
2023-11-02,EUR,1.066098,ecb_frankfurter
2023-11-02,CAD,0.724900,ecb_frankfurter
2023-11-03,USD,1.000000,ecb_frankfurter
2023-11-03,GBP,1.230360,ecb_frankfurter
2023-11-03,EUR,1.070205,ecb_frankfurter
2023-11-03,CAD,0.730353,ecb_frankfurter
2023-11-04,USD,1.000000,ecb_frankfurter
2023-11-04,GBP,1.230360,ecb_frankfurter
2023-11-04,EUR,1.070205,ecb_frankfurter
2023-11-04,CAD,0.730353,ecb_frankfurter
2023-11-05,USD,1.000000,ecb_frankfurter
2023-11-05,GBP,1.230360,ecb_frankfurter
2023-11-05,EUR,1.070205,ecb_frankfurter
2023-11-05,CAD,0.730353,ecb_frankfurter
2023-11-06,USD,1.000000,ecb_frankfurter
2023-11-06,GBP,1.239726,ecb_frankfurter
2023-11-06,EUR,1.074102,ecb_frankfurter
2023-11-06,CAD,0.732493,ecb_frankfurter
2023-11-07,USD,1.000000,ecb_frankfurter
2023-11-07,GBP,1.230330,ecb_frankfurter
2023-11-07,EUR,1.068604,ecb_frankfurter
2023-11-07,CAD,0.727961,ecb_frankfurter
2023-11-08,USD,1.000000,ecb_frankfurter
2023-11-08,GBP,1.226347,ecb_frankfurter
2023-11-08,EUR,1.067099,ecb_frankfurter
2023-11-08,CAD,0.725374,ecb_frankfurter
2023-11-09,USD,1.000000,ecb_frankfurter
2023-11-09,GBP,1.225956,ecb_frankfurter
2023-11-09,EUR,1.069096,ecb_frankfurter
2023-11-09,CAD,0.725479,ecb_frankfurter
2023-11-10,USD,1.000000,ecb_frankfurter
2023-11-10,GBP,1.221822,ecb_frankfurter
2023-11-10,EUR,1.068296,ecb_frankfurter
2023-11-10,CAD,0.724113,ecb_frankfurter
2023-11-11,USD,1.000000,ecb_frankfurter
2023-11-11,GBP,1.221822,ecb_frankfurter
2023-11-11,EUR,1.068296,ecb_frankfurter
2023-11-11,CAD,0.724113,ecb_frankfurter
2023-11-12,USD,1.000000,ecb_frankfurter
2023-11-12,GBP,1.221822,ecb_frankfurter
2023-11-12,EUR,1.068296,ecb_frankfurter
2023-11-12,CAD,0.724113,ecb_frankfurter
2023-11-13,USD,1.000000,ecb_frankfurter
2023-11-13,GBP,1.224260,ecb_frankfurter
2023-11-13,EUR,1.066997,ecb_frankfurter
2023-11-13,CAD,0.723170,ecb_frankfurter
2023-11-14,USD,1.000000,ecb_frankfurter
2023-11-14,GBP,1.229392,ecb_frankfurter
2023-11-14,EUR,1.072398,ecb_frankfurter
2023-11-14,CAD,0.723014,ecb_frankfurter
2023-11-15,USD,1.000000,ecb_frankfurter
2023-11-15,GBP,1.246494,ecb_frankfurter
2023-11-15,EUR,1.086803,ecb_frankfurter
2023-11-15,CAD,0.731636,ecb_frankfurter
2023-11-16,USD,1.000000,ecb_frankfurter
2023-11-16,GBP,1.239603,ecb_frankfurter
2023-11-16,EUR,1.084905,ecb_frankfurter
2023-11-16,CAD,0.728544,ecb_frankfurter
2023-11-17,USD,1.000000,ecb_frankfurter
2023-11-17,GBP,1.244013,ecb_frankfurter
2023-11-17,EUR,1.087205,ecb_frankfurter
2023-11-17,CAD,0.729288,ecb_frankfurter
2023-11-18,USD,1.000000,ecb_frankfurter
2023-11-18,GBP,1.244013,ecb_frankfurter
2023-11-18,EUR,1.087205,ecb_frankfurter
2023-11-18,CAD,0.729288,ecb_frankfurter
2023-11-19,USD,1.000000,ecb_frankfurter
2023-11-19,GBP,1.244013,ecb_frankfurter
2023-11-19,EUR,1.087205,ecb_frankfurter
2023-11-19,CAD,0.729288,ecb_frankfurter
2023-11-20,USD,1.000000,ecb_frankfurter
2023-11-20,GBP,1.247054,ecb_frankfurter
2023-11-20,EUR,1.092801,ecb_frankfurter
2023-11-20,CAD,0.728810,ecb_frankfurter
2023-11-21,USD,1.000000,ecb_frankfurter
2023-11-21,GBP,1.254501,ecb_frankfurter
2023-11-21,EUR,1.095494,ecb_frankfurter
2023-11-21,CAD,0.728916,ecb_frankfurter
2023-11-22,USD,1.000000,ecb_frankfurter
2023-11-22,GBP,1.253698,ecb_frankfurter
2023-11-22,EUR,1.091096,ecb_frankfurter
2023-11-22,CAD,0.729395,ecb_frankfurter
2023-11-23,USD,1.000000,ecb_frankfurter
2023-11-23,GBP,1.253746,ecb_frankfurter
2023-11-23,EUR,1.090001,ecb_frankfurter
2023-11-23,CAD,0.729607,ecb_frankfurter
2023-11-24,USD,1.000000,ecb_frankfurter
2023-11-24,GBP,1.257340,ecb_frankfurter
2023-11-24,EUR,1.091596,ecb_frankfurter
2023-11-24,CAD,0.730887,ecb_frankfurter
2023-11-25,USD,1.000000,ecb_frankfurter
2023-11-25,GBP,1.257340,ecb_frankfurter
2023-11-25,EUR,1.091596,ecb_frankfurter
2023-11-25,CAD,0.730887,ecb_frankfurter
2023-11-26,USD,1.000000,ecb_frankfurter
2023-11-26,GBP,1.257340,ecb_frankfurter
2023-11-26,EUR,1.091596,ecb_frankfurter
2023-11-26,CAD,0.730887,ecb_frankfurter
2023-11-27,USD,1.000000,ecb_frankfurter
2023-11-27,GBP,1.263520,ecb_frankfurter
2023-11-27,EUR,1.095098,ecb_frankfurter
2023-11-27,CAD,0.733514,ecb_frankfurter
2023-11-28,USD,1.000000,ecb_frankfurter
2023-11-28,GBP,1.261114,ecb_frankfurter
2023-11-28,EUR,1.094895,ecb_frankfurter
2023-11-28,CAD,0.735456,ecb_frankfurter
2023-11-29,USD,1.000000,ecb_frankfurter
2023-11-29,GBP,1.269583,ecb_frankfurter
2023-11-29,EUR,1.098503,ecb_frankfurter
2023-11-29,CAD,0.736269,ecb_frankfurter
2023-11-30,USD,1.000000,ecb_frankfurter
2023-11-30,GBP,1.265631,ecb_frankfurter
2023-11-30,EUR,1.093099,ecb_frankfurter
2023-11-30,CAD,0.735078,ecb_frankfurter
2023-12-01,USD,1.000000,ecb_frankfurter
2023-12-01,GBP,1.263871,ecb_frankfurter
2023-12-01,EUR,1.087500,ecb_frankfurter
2023-12-01,CAD,0.738007,ecb_frankfurter
2023-12-02,USD,1.000000,ecb_frankfurter
2023-12-02,GBP,1.263871,ecb_frankfurter
2023-12-02,EUR,1.087500,ecb_frankfurter
2023-12-02,CAD,0.738007,ecb_frankfurter
2023-12-03,USD,1.000000,ecb_frankfurter
2023-12-03,GBP,1.263871,ecb_frankfurter
2023-12-03,EUR,1.087500,ecb_frankfurter
2023-12-03,CAD,0.738007,ecb_frankfurter
2023-12-04,USD,1.000000,ecb_frankfurter
2023-12-04,GBP,1.266817,ecb_frankfurter
2023-12-04,EUR,1.086803,ecb_frankfurter
2023-12-04,CAD,0.738498,ecb_frankfurter
2023-12-05,USD,1.000000,ecb_frankfurter
2023-12-05,GBP,1.261861,ecb_frankfurter
2023-12-05,EUR,1.081701,ecb_frankfurter
2023-12-05,CAD,0.735835,ecb_frankfurter
2023-12-06,USD,1.000000,ecb_frankfurter
2023-12-06,GBP,1.258970,ecb_frankfurter
2023-12-06,EUR,1.077795,ecb_frankfurter
2023-12-06,CAD,0.737409,ecb_frankfurter
2023-12-07,USD,1.000000,ecb_frankfurter
2023-12-07,GBP,1.256092,ecb_frankfurter
2023-12-07,EUR,1.077099,ecb_frankfurter
2023-12-07,CAD,0.734916,ecb_frankfurter
2023-12-08,USD,1.000000,ecb_frankfurter
2023-12-08,GBP,1.257672,ecb_frankfurter
2023-12-08,EUR,1.077702,ecb_frankfurter
2023-12-08,CAD,0.736811,ecb_frankfurter
2023-12-09,USD,1.000000,ecb_frankfurter
2023-12-09,GBP,1.257672,ecb_frankfurter
2023-12-09,EUR,1.077702,ecb_frankfurter
2023-12-09,CAD,0.736811,ecb_frankfurter
2023-12-10,USD,1.000000,ecb_frankfurter
2023-12-10,GBP,1.257672,ecb_frankfurter
2023-12-10,EUR,1.077702,ecb_frankfurter
2023-12-10,CAD,0.736811,ecb_frankfurter
2023-12-11,USD,1.000000,ecb_frankfurter
2023-12-11,GBP,1.256960,ecb_frankfurter
2023-12-11,EUR,1.075697,ecb_frankfurter
2023-12-11,CAD,0.736323,ecb_frankfurter
2023-12-12,USD,1.000000,ecb_frankfurter
2023-12-12,GBP,1.257324,ecb_frankfurter
2023-12-12,EUR,1.080404,ecb_frankfurter
2023-12-12,CAD,0.737191,ecb_frankfurter
2023-12-13,USD,1.000000,ecb_frankfurter
2023-12-13,GBP,1.252552,ecb_frankfurter
2023-12-13,EUR,1.078702,ecb_frankfurter
2023-12-13,CAD,0.736594,ecb_frankfurter
2023-12-14,USD,1.000000,ecb_frankfurter
2023-12-14,GBP,1.270309,ecb_frankfurter
2023-12-14,EUR,1.091906,ecb_frankfurter
2023-12-14,CAD,0.743937,ecb_frankfurter
2023-12-15,USD,1.000000,ecb_frankfurter
2023-12-15,GBP,1.275266,ecb_frankfurter
2023-12-15,EUR,1.094595,ecb_frankfurter
2023-12-15,CAD,0.746993,ecb_frankfurter
2023-12-16,USD,1.000000,ecb_frankfurter
2023-12-16,GBP,1.275266,ecb_frankfurter
2023-12-16,EUR,1.094595,ecb_frankfurter
2023-12-16,CAD,0.746993,ecb_frankfurter
2023-12-17,USD,1.000000,ecb_frankfurter
2023-12-17,GBP,1.275266,ecb_frankfurter
2023-12-17,EUR,1.094595,ecb_frankfurter
2023-12-17,CAD,0.746993,ecb_frankfurter
2023-12-18,USD,1.000000,ecb_frankfurter
2023-12-18,GBP,1.265663,ecb_frankfurter
2023-12-18,EUR,1.091798,ecb_frankfurter
2023-12-18,CAD,0.748615,ecb_frankfurter
2023-12-19,USD,1.000000,ecb_frankfurter
2023-12-19,GBP,1.273237,ecb_frankfurter
2023-12-19,EUR,1.096203,ecb_frankfurter
2023-12-19,CAD,0.747105,ecb_frankfurter
2023-12-20,USD,1.000000,ecb_frankfurter
2023-12-20,GBP,1.264398,ecb_frankfurter
2023-12-20,EUR,1.094403,ecb_frankfurter
2023-12-20,CAD,0.749120,ecb_frankfurter
2023-12-21,USD,1.000000,ecb_frankfurter
2023-12-21,GBP,1.265246,ecb_frankfurter
2023-12-21,EUR,1.098298,ecb_frankfurter
2023-12-21,CAD,0.748783,ecb_frankfurter
2023-12-22,USD,1.000000,ecb_frankfurter
2023-12-22,GBP,1.271990,ecb_frankfurter
2023-12-22,EUR,1.102305,ecb_frankfurter
2023-12-22,CAD,0.753012,ecb_frankfurter
2023-12-23,USD,1.000000,ecb_frankfurter
2023-12-23,GBP,1.271990,ecb_frankfurter
2023-12-23,EUR,1.102305,ecb_frankfurter
2023-12-23,CAD,0.753012,ecb_frankfurter
2023-12-24,USD,1.000000,ecb_frankfurter
2023-12-24,GBP,1.271990,ecb_frankfurter
2023-12-24,EUR,1.102305,ecb_frankfurter
2023-12-24,CAD,0.753012,ecb_frankfurter
2023-12-25,USD,1.000000,ecb_frankfurter
2023-12-25,GBP,1.271990,ecb_frankfurter
2023-12-25,EUR,1.102305,ecb_frankfurter
2023-12-25,CAD,0.753012,ecb_frankfurter
2023-12-26,USD,1.000000,ecb_frankfurter
2023-12-26,GBP,1.271990,ecb_frankfurter
2023-12-26,EUR,1.102305,ecb_frankfurter
2023-12-26,CAD,0.753012,ecb_frankfurter
2023-12-27,USD,1.000000,ecb_frankfurter
2023-12-27,GBP,1.274324,ecb_frankfurter
2023-12-27,EUR,1.106501,ecb_frankfurter
2023-12-27,CAD,0.757232,ecb_frankfurter
2023-12-28,USD,1.000000,ecb_frankfurter
2023-12-28,GBP,1.276585,ecb_frankfurter
2023-12-28,EUR,1.111395,ecb_frankfurter
2023-12-28,CAD,0.756144,ecb_frankfurter
2023-12-29,USD,1.000000,ecb_frankfurter
2023-12-29,GBP,1.271504,ecb_frankfurter
2023-12-29,EUR,1.104997,ecb_frankfurter
2023-12-29,CAD,0.754660,ecb_frankfurter
2023-12-30,USD,1.000000,ecb_frankfurter
2023-12-30,GBP,1.271504,ecb_frankfurter
2023-12-30,EUR,1.104997,ecb_frankfurter
2023-12-30,CAD,0.754660,ecb_frankfurter
2023-12-31,USD,1.000000,ecb_frankfurter
2023-12-31,GBP,1.271504,ecb_frankfurter
2023-12-31,EUR,1.104997,ecb_frankfurter
2023-12-31,CAD,0.754660,ecb_frankfurter
2024-01-01,USD,1.000000,ecb_frankfurter
2024-01-01,GBP,1.271504,ecb_frankfurter
2024-01-01,EUR,1.104997,ecb_frankfurter
2024-01-01,CAD,0.754660,ecb_frankfurter
2024-01-02,USD,1.000000,ecb_frankfurter
2024-01-02,GBP,1.264462,ecb_frankfurter
2024-01-02,EUR,1.095602,ecb_frankfurter
2024-01-02,CAD,0.752219,ecb_frankfurter
2024-01-03,USD,1.000000,ecb_frankfurter
2024-01-03,GBP,1.262754,ecb_frankfurter
2024-01-03,EUR,1.091906,ecb_frankfurter
2024-01-03,CAD,0.749232,ecb_frankfurter
2024-01-04,USD,1.000000,ecb_frankfurter
2024-01-04,GBP,1.269503,ecb_frankfurter
2024-01-04,EUR,1.095302,ecb_frankfurter
2024-01-04,CAD,0.750075,ecb_frankfurter
2024-01-05,USD,1.000000,ecb_frankfurter
2024-01-05,GBP,1.266785,ecb_frankfurter
2024-01-05,EUR,1.092096,ecb_frankfurter
2024-01-05,CAD,0.747999,ecb_frankfurter
2024-01-06,USD,1.000000,ecb_frankfurter
2024-01-06,GBP,1.266785,ecb_frankfurter
2024-01-06,EUR,1.092096,ecb_frankfurter
2024-01-06,CAD,0.747999,ecb_frankfurter
2024-01-07,USD,1.000000,ecb_frankfurter
2024-01-07,GBP,1.266785,ecb_frankfurter
2024-01-07,EUR,1.092096,ecb_frankfurter
2024-01-07,CAD,0.747999,ecb_frankfurter
2024-01-08,USD,1.000000,ecb_frankfurter
2024-01-08,GBP,1.270567,ecb_frankfurter
2024-01-08,EUR,1.094595,ecb_frankfurter
2024-01-08,CAD,0.747105,ecb_frankfurter
2024-01-09,USD,1.000000,ecb_frankfurter
2024-01-09,GBP,1.273010,ecb_frankfurter
2024-01-09,EUR,1.093996,ecb_frankfurter
2024-01-09,CAD,0.748671,ecb_frankfurter
2024-01-10,USD,1.000000,ecb_frankfurter
2024-01-10,GBP,1.272443,ecb_frankfurter
2024-01-10,EUR,1.094595,ecb_frankfurter
2024-01-10,CAD,0.747217,ecb_frankfurter
2024-01-11,USD,1.000000,ecb_frankfurter
2024-01-11,GBP,1.275413,ecb_frankfurter
2024-01-11,EUR,1.098696,ecb_frankfurter
2024-01-11,CAD,0.748559,ecb_frankfurter
2024-01-12,USD,1.000000,ecb_frankfurter
2024-01-12,GBP,1.273058,ecb_frankfurter
2024-01-12,EUR,1.094200,ecb_frankfurter
2024-01-12,CAD,0.747719,ecb_frankfurter
2024-01-13,USD,1.000000,ecb_frankfurter
2024-01-13,GBP,1.273058,ecb_frankfurter
2024-01-13,EUR,1.094200,ecb_frankfurter
2024-01-13,CAD,0.747719,ecb_frankfurter
2024-01-14,USD,1.000000,ecb_frankfurter
2024-01-14,GBP,1.273058,ecb_frankfurter
2024-01-14,EUR,1.094200,ecb_frankfurter
2024-01-14,CAD,0.747719,ecb_frankfurter
2024-01-15,USD,1.000000,ecb_frankfurter
2024-01-15,GBP,1.271569,ecb_frankfurter
2024-01-15,EUR,1.094499,ecb_frankfurter
2024-01-15,CAD,0.744823,ecb_frankfurter
2024-01-16,USD,1.000000,ecb_frankfurter
2024-01-16,GBP,1.264207,ecb_frankfurter
2024-01-16,EUR,1.088198,ecb_frankfurter
2024-01-16,CAD,0.742225,ecb_frankfurter
2024-01-17,USD,1.000000,ecb_frankfurter
2024-01-17,GBP,1.267443,ecb_frankfurter
2024-01-17,EUR,1.087701,ecb_frankfurter
2024-01-17,CAD,0.739864,ecb_frankfurter
2024-01-18,USD,1.000000,ecb_frankfurter
2024-01-18,GBP,1.267877,ecb_frankfurter
2024-01-18,EUR,1.087500,ecb_frankfurter
2024-01-18,CAD,0.740741,ecb_frankfurter
2024-01-19,USD,1.000000,ecb_frankfurter
2024-01-19,GBP,1.268504,ecb_frankfurter
2024-01-19,EUR,1.088696,ecb_frankfurter
2024-01-19,CAD,0.742832,ecb_frankfurter
2024-01-20,USD,1.000000,ecb_frankfurter
2024-01-20,GBP,1.268504,ecb_frankfurter
2024-01-20,EUR,1.088696,ecb_frankfurter
2024-01-20,CAD,0.742832,ecb_frankfurter
2024-01-21,USD,1.000000,ecb_frankfurter
2024-01-21,GBP,1.268504,ecb_frankfurter
2024-01-21,EUR,1.088696,ecb_frankfurter
2024-01-21,CAD,0.742832,ecb_frankfurter
2024-01-22,USD,1.000000,ecb_frankfurter
2024-01-22,GBP,1.272572,ecb_frankfurter
2024-01-22,EUR,1.089004,ecb_frankfurter
2024-01-22,CAD,0.744879,ecb_frankfurter
2024-01-23,USD,1.000000,ecb_frankfurter
2024-01-23,GBP,1.271682,ecb_frankfurter
2024-01-23,EUR,1.087205,ecb_frankfurter
2024-01-23,CAD,0.742225,ecb_frankfurter
2024-01-24,USD,1.000000,ecb_frankfurter
2024-01-24,GBP,1.274795,ecb_frankfurter
2024-01-24,EUR,1.090501,ecb_frankfurter
2024-01-24,CAD,0.743384,ecb_frankfurter
2024-01-25,USD,1.000000,ecb_frankfurter
2024-01-25,GBP,1.273464,ecb_frankfurter
2024-01-25,EUR,1.089301,ecb_frankfurter
2024-01-25,CAD,0.740302,ecb_frankfurter
2024-01-26,USD,1.000000,ecb_frankfurter
2024-01-26,GBP,1.273431,ecb_frankfurter
2024-01-26,EUR,1.087098,ecb_frankfurter
2024-01-26,CAD,0.744214,ecb_frankfurter
2024-01-27,USD,1.000000,ecb_frankfurter
2024-01-27,GBP,1.273431,ecb_frankfurter
2024-01-27,EUR,1.087098,ecb_frankfurter
2024-01-27,CAD,0.744214,ecb_frankfurter
2024-01-28,USD,1.000000,ecb_frankfurter
2024-01-28,GBP,1.273431,ecb_frankfurter
2024-01-28,EUR,1.087098,ecb_frankfurter
2024-01-28,CAD,0.744214,ecb_frankfurter
2024-01-29,USD,1.000000,ecb_frankfurter
2024-01-29,GBP,1.269567,ecb_frankfurter
2024-01-29,EUR,1.082298,ecb_frankfurter
2024-01-29,CAD,0.744269,ecb_frankfurter
2024-01-30,USD,1.000000,ecb_frankfurter
2024-01-30,GBP,1.266640,ecb_frankfurter
2024-01-30,EUR,1.084599,ecb_frankfurter
2024-01-30,CAD,0.744713,ecb_frankfurter
2024-01-31,USD,1.000000,ecb_frankfurter
2024-01-31,GBP,1.268456,ecb_frankfurter
2024-01-31,EUR,1.083705,ecb_frankfurter
2024-01-31,CAD,0.744380,ecb_frankfurter
2024-02-01,USD,1.000000,ecb_frankfurter
2024-02-01,GBP,1.266977,ecb_frankfurter
2024-02-01,EUR,1.081397,ecb_frankfurter
2024-02-01,CAD,0.743550,ecb_frankfurter
2024-02-02,USD,1.000000,ecb_frankfurter
2024-02-02,GBP,1.276406,ecb_frankfurter
2024-02-02,EUR,1.088305,ecb_frankfurter
2024-02-02,CAD,0.747664,ecb_frankfurter
2024-02-03,USD,1.000000,ecb_frankfurter
2024-02-03,GBP,1.276406,ecb_frankfurter
2024-02-03,EUR,1.088305,ecb_frankfurter
2024-02-03,CAD,0.747664,ecb_frankfurter
2024-02-04,USD,1.000000,ecb_frankfurter
2024-02-04,GBP,1.276406,ecb_frankfurter
2024-02-04,EUR,1.088305,ecb_frankfurter
2024-02-04,CAD,0.747664,ecb_frankfurter
2024-02-05,USD,1.000000,ecb_frankfurter
2024-02-05,GBP,1.255445,ecb_frankfurter
2024-02-05,EUR,1.074599,ecb_frankfurter
2024-02-05,CAD,0.740741,ecb_frankfurter
2024-02-06,USD,1.000000,ecb_frankfurter
2024-02-06,GBP,1.257087,ecb_frankfurter
2024-02-06,EUR,1.074298,ecb_frankfurter
2024-02-06,CAD,0.739590,ecb_frankfurter
2024-02-07,USD,1.000000,ecb_frankfurter
2024-02-07,GBP,1.263232,ecb_frankfurter
2024-02-07,EUR,1.077598,ecb_frankfurter
2024-02-07,CAD,0.743108,ecb_frankfurter
2024-02-08,USD,1.000000,ecb_frankfurter
2024-02-08,GBP,1.260049,ecb_frankfurter
2024-02-08,EUR,1.075801,ecb_frankfurter
2024-02-08,CAD,0.741675,ecb_frankfurter
2024-02-09,USD,1.000000,ecb_frankfurter
2024-02-09,GBP,1.260764,ecb_frankfurter
2024-02-09,EUR,1.077203,ecb_frankfurter
2024-02-09,CAD,0.743605,ecb_frankfurter
2024-02-10,USD,1.000000,ecb_frankfurter
2024-02-10,GBP,1.260764,ecb_frankfurter
2024-02-10,EUR,1.077203,ecb_frankfurter
2024-02-10,CAD,0.743605,ecb_frankfurter
2024-02-11,USD,1.000000,ecb_frankfurter
2024-02-11,GBP,1.260764,ecb_frankfurter
2024-02-11,EUR,1.077203,ecb_frankfurter
2024-02-11,CAD,0.743605,ecb_frankfurter
2024-02-12,USD,1.000000,ecb_frankfurter
2024-02-12,GBP,1.261607,ecb_frankfurter
2024-02-12,EUR,1.077296,ecb_frankfurter
2024-02-12,CAD,0.742776,ecb_frankfurter
2024-02-13,USD,1.000000,ecb_frankfurter
2024-02-13,GBP,1.268295,ecb_frankfurter
2024-02-13,EUR,1.079296,ecb_frankfurter
2024-02-13,CAD,0.743771,ecb_frankfurter
2024-02-14,USD,1.000000,ecb_frankfurter
2024-02-14,GBP,1.256534,ecb_frankfurter
2024-02-14,EUR,1.071295,ecb_frankfurter
2024-02-14,CAD,0.738389,ecb_frankfurter
2024-02-15,USD,1.000000,ecb_frankfurter
2024-02-15,GBP,1.254516,ecb_frankfurter
2024-02-15,EUR,1.074298,ecb_frankfurter
2024-02-15,CAD,0.738498,ecb_frankfurter
2024-02-16,USD,1.000000,ecb_frankfurter
2024-02-16,GBP,1.257877,ecb_frankfurter
2024-02-16,EUR,1.076797,ecb_frankfurter
2024-02-16,CAD,0.741675,ecb_frankfurter
2024-02-17,USD,1.000000,ecb_frankfurter
2024-02-17,GBP,1.257877,ecb_frankfurter
2024-02-17,EUR,1.076797,ecb_frankfurter
2024-02-17,CAD,0.741675,ecb_frankfurter
2024-02-18,USD,1.000000,ecb_frankfurter
2024-02-18,GBP,1.257877,ecb_frankfurter
2024-02-18,EUR,1.076797,ecb_frankfurter
2024-02-18,CAD,0.741675,ecb_frankfurter
2024-02-19,USD,1.000000,ecb_frankfurter
2024-02-19,GBP,1.261114,ecb_frankfurter
2024-02-19,EUR,1.077598,ecb_frankfurter
2024-02-19,CAD,0.742060,ecb_frankfurter
2024-02-20,USD,1.000000,ecb_frankfurter
2024-02-20,GBP,1.261034,ecb_frankfurter
2024-02-20,EUR,1.080205,ecb_frankfurter
2024-02-20,CAD,0.741785,ecb_frankfurter
2024-02-21,USD,1.000000,ecb_frankfurter
2024-02-21,GBP,1.262451,ecb_frankfurter
2024-02-21,EUR,1.080906,ecb_frankfurter
2024-02-21,CAD,0.739426,ecb_frankfurter
2024-02-22,USD,1.000000,ecb_frankfurter
2024-02-22,GBP,1.266448,ecb_frankfurter
2024-02-22,EUR,1.084399,ecb_frankfurter
2024-02-22,CAD,0.741840,ecb_frankfurter
2024-02-23,USD,1.000000,ecb_frankfurter
2024-02-23,GBP,1.269503,ecb_frankfurter
2024-02-23,EUR,1.083400,ecb_frankfurter
2024-02-23,CAD,0.742721,ecb_frankfurter
2024-02-24,USD,1.000000,ecb_frankfurter
2024-02-24,GBP,1.269503,ecb_frankfurter
2024-02-24,EUR,1.083400,ecb_frankfurter
2024-02-24,CAD,0.742721,ecb_frankfurter
2024-02-25,USD,1.000000,ecb_frankfurter
2024-02-25,GBP,1.269503,ecb_frankfurter
2024-02-25,EUR,1.083400,ecb_frankfurter
2024-02-25,CAD,0.742721,ecb_frankfurter
2024-02-26,USD,1.000000,ecb_frankfurter
2024-02-26,GBP,1.269309,ecb_frankfurter
2024-02-26,EUR,1.085199,ecb_frankfurter
2024-02-26,CAD,0.739536,ecb_frankfurter
2024-02-27,USD,1.000000,ecb_frankfurter
2024-02-27,GBP,1.267925,ecb_frankfurter
2024-02-27,EUR,1.085600,ecb_frankfurter
2024-02-27,CAD,0.741015,ecb_frankfurter
2024-02-28,USD,1.000000,ecb_frankfurter
2024-02-28,GBP,1.263392,ecb_frankfurter
2024-02-28,EUR,1.080801,ecb_frankfurter
2024-02-28,CAD,0.735781,ecb_frankfurter
2024-02-29,USD,1.000000,ecb_frankfurter
2024-02-29,GBP,1.263903,ecb_frankfurter
2024-02-29,EUR,1.082603,ecb_frankfurter
2024-02-29,CAD,0.735510,ecb_frankfurter
2024-03-01,USD,1.000000,ecb_frankfurter
2024-03-01,GBP,1.263376,ecb_frankfurter
2024-03-01,EUR,1.081303,ecb_frankfurter
2024-03-01,CAD,0.736648,ecb_frankfurter
2024-03-02,USD,1.000000,ecb_frankfurter
2024-03-02,GBP,1.263376,ecb_frankfurter
2024-03-02,EUR,1.081303,ecb_frankfurter
2024-03-02,CAD,0.736648,ecb_frankfurter
2024-03-03,USD,1.000000,ecb_frankfurter
2024-03-03,GBP,1.263376,ecb_frankfurter
2024-03-03,EUR,1.081303,ecb_frankfurter
2024-03-03,CAD,0.736648,ecb_frankfurter
2024-03-04,USD,1.000000,ecb_frankfurter
2024-03-04,GBP,1.267315,ecb_frankfurter
2024-03-04,EUR,1.084599,ecb_frankfurter
2024-03-04,CAD,0.736865,ecb_frankfurter
2024-03-05,USD,1.000000,ecb_frankfurter
2024-03-05,GBP,1.268247,ecb_frankfurter
2024-03-05,EUR,1.084905,ecb_frankfurter
2024-03-05,CAD,0.735673,ecb_frankfurter
2024-03-06,USD,1.000000,ecb_frankfurter
2024-03-06,GBP,1.271844,ecb_frankfurter
2024-03-06,EUR,1.087406,ecb_frankfurter
2024-03-06,CAD,0.736214,ecb_frankfurter
2024-03-07,USD,1.000000,ecb_frankfurter
2024-03-07,GBP,1.275087,ecb_frankfurter
2024-03-07,EUR,1.089503,ecb_frankfurter
2024-03-07,CAD,0.740905,ecb_frankfurter
2024-03-08,USD,1.000000,ecb_frankfurter
2024-03-08,GBP,1.283582,ecb_frankfurter
2024-03-08,EUR,1.093195,ecb_frankfurter
2024-03-08,CAD,0.743605,ecb_frankfurter
2024-03-09,USD,1.000000,ecb_frankfurter
2024-03-09,GBP,1.283582,ecb_frankfurter
2024-03-09,EUR,1.093195,ecb_frankfurter
2024-03-09,CAD,0.743605,ecb_frankfurter
2024-03-10,USD,1.000000,ecb_frankfurter
2024-03-10,GBP,1.283582,ecb_frankfurter
2024-03-10,EUR,1.093195,ecb_frankfurter
2024-03-10,CAD,0.743605,ecb_frankfurter
2024-03-11,USD,1.000000,ecb_frankfurter
2024-03-11,GBP,1.282281,ecb_frankfurter
2024-03-11,EUR,1.092598,ecb_frankfurter
2024-03-11,CAD,0.740576,ecb_frankfurter
2024-03-12,USD,1.000000,ecb_frankfurter
2024-03-12,GBP,1.277351,ecb_frankfurter
2024-03-12,EUR,1.091596,ecb_frankfurter
2024-03-12,CAD,0.740631,ecb_frankfurter
2024-03-13,USD,1.000000,ecb_frankfurter
2024-03-13,GBP,1.280147,ecb_frankfurter
2024-03-13,EUR,1.093900,ecb_frankfurter
2024-03-13,CAD,0.741345,ecb_frankfurter
2024-03-14,USD,1.000000,ecb_frankfurter
2024-03-14,GBP,1.278969,ecb_frankfurter
2024-03-14,EUR,1.092502,ecb_frankfurter
2024-03-14,CAD,0.741950,ecb_frankfurter
2024-03-15,USD,1.000000,ecb_frankfurter
2024-03-15,GBP,1.275266,ecb_frankfurter
2024-03-15,EUR,1.089194,ecb_frankfurter
2024-03-15,CAD,0.739372,ecb_frankfurter
2024-03-16,USD,1.000000,ecb_frankfurter
2024-03-16,GBP,1.275266,ecb_frankfurter
2024-03-16,EUR,1.089194,ecb_frankfurter
2024-03-16,CAD,0.739372,ecb_frankfurter
2024-03-17,USD,1.000000,ecb_frankfurter
2024-03-17,GBP,1.275266,ecb_frankfurter
2024-03-17,EUR,1.089194,ecb_frankfurter
2024-03-17,CAD,0.739372,ecb_frankfurter
2024-03-18,USD,1.000000,ecb_frankfurter
2024-03-18,GBP,1.273545,ecb_frankfurter
2024-03-18,EUR,1.089194,ecb_frankfurter
2024-03-18,CAD,0.738716,ecb_frankfurter
2024-03-19,USD,1.000000,ecb_frankfurter
2024-03-19,GBP,1.270293,ecb_frankfurter
2024-03-19,EUR,1.085399,ecb_frankfurter
2024-03-19,CAD,0.735024,ecb_frankfurter
2024-03-20,USD,1.000000,ecb_frankfurter
2024-03-20,GBP,1.269229,ecb_frankfurter
2024-03-20,EUR,1.084399,ecb_frankfurter
2024-03-20,CAD,0.735889,ecb_frankfurter
2024-03-21,USD,1.000000,ecb_frankfurter
2024-03-21,GBP,1.273026,ecb_frankfurter
2024-03-21,EUR,1.090703,ecb_frankfurter
2024-03-21,CAD,0.740138,ecb_frankfurter
2024-03-22,USD,1.000000,ecb_frankfurter
2024-03-22,GBP,1.261495,ecb_frankfurter
2024-03-22,EUR,1.082298,ecb_frankfurter
2024-03-22,CAD,0.736865,ecb_frankfurter
2024-03-23,USD,1.000000,ecb_frankfurter
2024-03-23,GBP,1.261495,ecb_frankfurter
2024-03-23,EUR,1.082298,ecb_frankfurter
2024-03-23,CAD,0.736865,ecb_frankfurter
2024-03-24,USD,1.000000,ecb_frankfurter
2024-03-24,GBP,1.261495,ecb_frankfurter
2024-03-24,EUR,1.082298,ecb_frankfurter
2024-03-24,CAD,0.736865,ecb_frankfurter
2024-03-25,USD,1.000000,ecb_frankfurter
2024-03-25,GBP,1.264318,ecb_frankfurter
2024-03-25,EUR,1.083506,ecb_frankfurter
2024-03-25,CAD,0.735998,ecb_frankfurter
2024-03-26,USD,1.000000,ecb_frankfurter
2024-03-26,GBP,1.264478,ecb_frankfurter
2024-03-26,EUR,1.085505,ecb_frankfurter
2024-03-26,CAD,0.737518,ecb_frankfurter
2024-03-27,USD,1.000000,ecb_frankfurter
2024-03-27,GBP,1.261082,ecb_frankfurter
2024-03-27,EUR,1.081596,ecb_frankfurter
2024-03-27,CAD,0.735186,ecb_frankfurter
2024-03-28,USD,1.000000,ecb_frankfurter
2024-03-28,GBP,1.264302,ecb_frankfurter
2024-03-28,EUR,1.081104,ecb_frankfurter
2024-03-28,CAD,0.736865,ecb_frankfurter
2024-03-29,USD,1.000000,ecb_frankfurter
2024-03-29,GBP,1.264302,ecb_frankfurter
2024-03-29,EUR,1.081104,ecb_frankfurter
2024-03-29,CAD,0.736865,ecb_frankfurter
2024-03-30,USD,1.000000,ecb_frankfurter
2024-03-30,GBP,1.264302,ecb_frankfurter
2024-03-30,EUR,1.081104,ecb_frankfurter
2024-03-30,CAD,0.736865,ecb_frankfurter
2024-03-31,USD,1.000000,ecb_frankfurter
2024-03-31,GBP,1.264302,ecb_frankfurter
2024-03-31,EUR,1.081104,ecb_frankfurter
2024-03-31,CAD,0.736865,ecb_frankfurter
2024-04-01,USD,1.000000,ecb_frankfurter
2024-04-01,GBP,1.264302,ecb_frankfurter
2024-04-01,EUR,1.081104,ecb_frankfurter
2024-04-01,CAD,0.736865,ecb_frankfurter
2024-04-02,USD,1.000000,ecb_frankfurter
2024-04-02,GBP,1.257039,ecb_frankfurter
2024-04-02,EUR,1.074899,ecb_frankfurter
2024-04-02,CAD,0.737409,ecb_frankfurter
2024-04-03,USD,1.000000,ecb_frankfurter
2024-04-03,GBP,1.258036,ecb_frankfurter
2024-04-03,EUR,1.078295,ecb_frankfurter
2024-04-03,CAD,0.737246,ecb_frankfurter
2024-04-04,USD,1.000000,ecb_frankfurter
2024-04-04,GBP,1.264974,ecb_frankfurter
2024-04-04,EUR,1.085199,ecb_frankfurter
2024-04-04,CAD,0.740631,ecb_frankfurter
2024-04-05,USD,1.000000,ecb_frankfurter
2024-04-05,GBP,1.263919,ecb_frankfurter
2024-04-05,EUR,1.084105,ecb_frankfurter
2024-04-05,CAD,0.737409,ecb_frankfurter
2024-04-06,USD,1.000000,ecb_frankfurter
2024-04-06,GBP,1.263919,ecb_frankfurter
2024-04-06,EUR,1.084105,ecb_frankfurter
2024-04-06,CAD,0.737409,ecb_frankfurter
2024-04-07,USD,1.000000,ecb_frankfurter
2024-04-07,GBP,1.263919,ecb_frankfurter
2024-04-07,EUR,1.084105,ecb_frankfurter
2024-04-07,CAD,0.737409,ecb_frankfurter
2024-04-08,USD,1.000000,ecb_frankfurter
2024-04-08,GBP,1.261495,ecb_frankfurter
2024-04-08,EUR,1.082298,ecb_frankfurter
2024-04-08,CAD,0.735510,ecb_frankfurter
2024-04-09,USD,1.000000,ecb_frankfurter
2024-04-09,GBP,1.268569,ecb_frankfurter
2024-04-09,EUR,1.086697,ecb_frankfurter
2024-04-09,CAD,0.736811,ecb_frankfurter
2024-04-10,USD,1.000000,ecb_frankfurter
2024-04-10,GBP,1.269954,ecb_frankfurter
2024-04-10,EUR,1.086000,ecb_frankfurter
2024-04-10,CAD,0.737354,ecb_frankfurter
2024-04-11,USD,1.000000,ecb_frankfurter
2024-04-11,GBP,1.254485,ecb_frankfurter
2024-04-11,EUR,1.072904,ecb_frankfurter
2024-04-11,CAD,0.730460,ecb_frankfurter
2024-04-12,USD,1.000000,ecb_frankfurter
2024-04-12,GBP,1.246961,ecb_frankfurter
2024-04-12,EUR,1.065201,ecb_frankfurter
2024-04-12,CAD,0.727431,ecb_frankfurter
2024-04-13,USD,1.000000,ecb_frankfurter
2024-04-13,GBP,1.246961,ecb_frankfurter
2024-04-13,EUR,1.065201,ecb_frankfurter
2024-04-13,CAD,0.727431,ecb_frankfurter
2024-04-14,USD,1.000000,ecb_frankfurter
2024-04-14,GBP,1.246961,ecb_frankfurter
2024-04-14,EUR,1.065201,ecb_frankfurter
2024-04-14,CAD,0.727431,ecb_frankfurter
2024-04-15,USD,1.000000,ecb_frankfurter
2024-04-15,GBP,1.247707,ecb_frankfurter
2024-04-15,EUR,1.065598,ecb_frankfurter
2024-04-15,CAD,0.727643,ecb_frankfurter
2024-04-16,USD,1.000000,ecb_frankfurter
2024-04-16,GBP,1.244973,ecb_frankfurter
2024-04-16,EUR,1.063705,ecb_frankfurter
2024-04-16,CAD,0.725163,ecb_frankfurter
2024-04-17,USD,1.000000,ecb_frankfurter
2024-04-17,GBP,1.245671,ecb_frankfurter
2024-04-17,EUR,1.063796,ecb_frankfurter
2024-04-17,CAD,0.724113,ecb_frankfurter
2024-04-18,USD,1.000000,ecb_frankfurter
2024-04-18,GBP,1.247132,ecb_frankfurter
2024-04-18,EUR,1.067897,ecb_frankfurter
2024-04-18,CAD,0.727114,ecb_frankfurter
2024-04-19,USD,1.000000,ecb_frankfurter
2024-04-19,GBP,1.244214,ecb_frankfurter
2024-04-19,EUR,1.065303,ecb_frankfurter
2024-04-19,CAD,0.726375,ecb_frankfurter
2024-04-20,USD,1.000000,ecb_frankfurter
2024-04-20,GBP,1.244214,ecb_frankfurter
2024-04-20,EUR,1.065303,ecb_frankfurter
2024-04-20,CAD,0.726375,ecb_frankfurter
2024-04-21,USD,1.000000,ecb_frankfurter
2024-04-21,GBP,1.244214,ecb_frankfurter
2024-04-21,EUR,1.065303,ecb_frankfurter
2024-04-21,CAD,0.726375,ecb_frankfurter
2024-04-22,USD,1.000000,ecb_frankfurter
2024-04-22,GBP,1.231588,ecb_frankfurter
2024-04-22,EUR,1.063196,ecb_frankfurter
2024-04-22,CAD,0.728597,ecb_frankfurter
2024-04-23,USD,1.000000,ecb_frankfurter
2024-04-23,GBP,1.240449,ecb_frankfurter
2024-04-23,EUR,1.067395,ecb_frankfurter
2024-04-23,CAD,0.729927,ecb_frankfurter
2024-04-24,USD,1.000000,ecb_frankfurter
2024-04-24,GBP,1.243348,ecb_frankfurter
2024-04-24,EUR,1.068604,ecb_frankfurter
2024-04-24,CAD,0.730514,ecb_frankfurter
2024-04-25,USD,1.000000,ecb_frankfurter
2024-04-25,GBP,1.251236,ecb_frankfurter
2024-04-25,EUR,1.071995,ecb_frankfurter
2024-04-25,CAD,0.731315,ecb_frankfurter
2024-04-26,USD,1.000000,ecb_frankfurter
2024-04-26,GBP,1.251001,ecb_frankfurter
2024-04-26,EUR,1.071398,ecb_frankfurter
2024-04-26,CAD,0.732225,ecb_frankfurter
2024-04-27,USD,1.000000,ecb_frankfurter
2024-04-27,GBP,1.251001,ecb_frankfurter
2024-04-27,EUR,1.071398,ecb_frankfurter
2024-04-27,CAD,0.732225,ecb_frankfurter
2024-04-28,USD,1.000000,ecb_frankfurter
2024-04-28,GBP,1.251001,ecb_frankfurter
2024-04-28,EUR,1.071398,ecb_frankfurter
2024-04-28,CAD,0.732225,ecb_frankfurter
2024-04-29,USD,1.000000,ecb_frankfurter
2024-04-29,GBP,1.253903,ecb_frankfurter
2024-04-29,EUR,1.071995,ecb_frankfurter
2024-04-29,CAD,0.732493,ecb_frankfurter
2024-04-30,USD,1.000000,ecb_frankfurter
2024-04-30,GBP,1.253887,ecb_frankfurter
2024-04-30,EUR,1.071800,ecb_frankfurter
2024-04-30,CAD,0.730514,ecb_frankfurter
2024-05-01,USD,1.000000,ecb_frankfurter
2024-05-01,GBP,1.253887,ecb_frankfurter
2024-05-01,EUR,1.071800,ecb_frankfurter
2024-05-01,CAD,0.730514,ecb_frankfurter
2024-05-02,USD,1.000000,ecb_frankfurter
2024-05-02,GBP,1.250672,ecb_frankfurter
2024-05-02,EUR,1.069805,ecb_frankfurter
2024-05-02,CAD,0.728863,ecb_frankfurter
2024-05-03,USD,1.000000,ecb_frankfurter
2024-05-03,GBP,1.255540,ecb_frankfurter
2024-05-03,EUR,1.074402,ecb_frankfurter
2024-05-03,CAD,0.731797,ecb_frankfurter
2024-05-04,USD,1.000000,ecb_frankfurter
2024-05-04,GBP,1.255540,ecb_frankfurter
2024-05-04,EUR,1.074402,ecb_frankfurter
2024-05-04,CAD,0.731797,ecb_frankfurter
2024-05-05,USD,1.000000,ecb_frankfurter
2024-05-05,GBP,1.255540,ecb_frankfurter
2024-05-05,EUR,1.074402,ecb_frankfurter
2024-05-05,CAD,0.731797,ecb_frankfurter
2024-05-06,USD,1.000000,ecb_frankfurter
2024-05-06,GBP,1.258004,ecb_frankfurter
2024-05-06,EUR,1.077598,ecb_frankfurter
2024-05-06,CAD,0.731529,ecb_frankfurter
2024-05-07,USD,1.000000,ecb_frankfurter
2024-05-07,GBP,1.254705,ecb_frankfurter
2024-05-07,EUR,1.076600,ecb_frankfurter
2024-05-07,CAD,0.730887,ecb_frankfurter
2024-05-08,USD,1.000000,ecb_frankfurter
2024-05-08,GBP,1.247988,ecb_frankfurter
2024-05-08,EUR,1.074298,ecb_frankfurter
2024-05-08,CAD,0.726639,ecb_frankfurter
2024-05-09,USD,1.000000,ecb_frankfurter
2024-05-09,GBP,1.247972,ecb_frankfurter
2024-05-09,EUR,1.073203,ecb_frankfurter
2024-05-09,CAD,0.728704,ecb_frankfurter
2024-05-10,USD,1.000000,ecb_frankfurter
2024-05-10,GBP,1.252568,ecb_frankfurter
2024-05-10,EUR,1.077900,ecb_frankfurter
2024-05-10,CAD,0.730941,ecb_frankfurter
2024-05-11,USD,1.000000,ecb_frankfurter
2024-05-11,GBP,1.252568,ecb_frankfurter
2024-05-11,EUR,1.077900,ecb_frankfurter
2024-05-11,CAD,0.730941,ecb_frankfurter
2024-05-12,USD,1.000000,ecb_frankfurter
2024-05-12,GBP,1.252568,ecb_frankfurter
2024-05-12,EUR,1.077900,ecb_frankfurter
2024-05-12,CAD,0.730941,ecb_frankfurter
2024-05-13,USD,1.000000,ecb_frankfurter
2024-05-13,GBP,1.254894,ecb_frankfurter
2024-05-13,EUR,1.079506,ecb_frankfurter
2024-05-13,CAD,0.731529,ecb_frankfurter
2024-05-14,USD,1.000000,ecb_frankfurter
2024-05-14,GBP,1.255603,ecb_frankfurter
2024-05-14,EUR,1.079599,ecb_frankfurter
2024-05-14,CAD,0.731797,ecb_frankfurter
2024-05-15,USD,1.000000,ecb_frankfurter
2024-05-15,GBP,1.261877,ecb_frankfurter
2024-05-15,EUR,1.083201,ecb_frankfurter
2024-05-15,CAD,0.733730,ecb_frankfurter
2024-05-16,USD,1.000000,ecb_frankfurter
2024-05-16,GBP,1.265695,ecb_frankfurter
2024-05-16,EUR,1.086602,ecb_frankfurter
2024-05-16,CAD,0.733676,ecb_frankfurter
2024-05-17,USD,1.000000,ecb_frankfurter
2024-05-17,GBP,1.265566,ecb_frankfurter
2024-05-17,EUR,1.084399,ecb_frankfurter
2024-05-17,CAD,0.733514,ecb_frankfurter
2024-05-18,USD,1.000000,ecb_frankfurter
2024-05-18,GBP,1.265566,ecb_frankfurter
2024-05-18,EUR,1.084399,ecb_frankfurter
2024-05-18,CAD,0.733514,ecb_frankfurter
2024-05-19,USD,1.000000,ecb_frankfurter
2024-05-19,GBP,1.265566,ecb_frankfurter
2024-05-19,EUR,1.084399,ecb_frankfurter
2024-05-19,CAD,0.733514,ecb_frankfurter
2024-05-20,USD,1.000000,ecb_frankfurter
2024-05-20,GBP,1.269583,ecb_frankfurter
2024-05-20,EUR,1.086095,ecb_frankfurter
2024-05-20,CAD,0.733945,ecb_frankfurter
2024-05-21,USD,1.000000,ecb_frankfurter
2024-05-21,GBP,1.271537,ecb_frankfurter
2024-05-21,EUR,1.086402,ecb_frankfurter
2024-05-21,CAD,0.734214,ecb_frankfurter
2024-05-22,USD,1.000000,ecb_frankfurter
2024-05-22,GBP,1.271650,ecb_frankfurter
2024-05-22,EUR,1.083001,ecb_frankfurter
2024-05-22,CAD,0.731261,ecb_frankfurter
2024-05-23,USD,1.000000,ecb_frankfurter
2024-05-23,GBP,1.274324,ecb_frankfurter
2024-05-23,EUR,1.085399,ecb_frankfurter
2024-05-23,CAD,0.731797,ecb_frankfurter
2024-05-24,USD,1.000000,ecb_frankfurter
2024-05-24,GBP,1.271682,ecb_frankfurter
2024-05-24,EUR,1.083999,ecb_frankfurter
2024-05-24,CAD,0.729235,ecb_frankfurter
2024-05-25,USD,1.000000,ecb_frankfurter
2024-05-25,GBP,1.271682,ecb_frankfurter
2024-05-25,EUR,1.083999,ecb_frankfurter
2024-05-25,CAD,0.729235,ecb_frankfurter
2024-05-26,USD,1.000000,ecb_frankfurter
2024-05-26,GBP,1.271682,ecb_frankfurter
2024-05-26,EUR,1.083999,ecb_frankfurter
2024-05-26,CAD,0.729235,ecb_frankfurter
2024-05-27,USD,1.000000,ecb_frankfurter
2024-05-27,GBP,1.274600,ecb_frankfurter
2024-05-27,EUR,1.084305,ecb_frankfurter
2024-05-27,CAD,0.732011,ecb_frankfurter
2024-05-28,USD,1.000000,ecb_frankfurter
2024-05-28,GBP,1.279034,ecb_frankfurter
2024-05-28,EUR,1.088198,ecb_frankfurter
2024-05-28,CAD,0.734268,ecb_frankfurter
2024-05-29,USD,1.000000,ecb_frankfurter
2024-05-29,GBP,1.275348,ecb_frankfurter
2024-05-29,EUR,1.085706,ecb_frankfurter
2024-05-29,CAD,0.731689,ecb_frankfurter
2024-05-30,USD,1.000000,ecb_frankfurter
2024-05-30,GBP,1.270777,ecb_frankfurter
2024-05-30,EUR,1.081502,ecb_frankfurter
2024-05-30,CAD,0.729341,ecb_frankfurter
2024-05-31,USD,1.000000,ecb_frankfurter
2024-05-31,GBP,1.271246,ecb_frankfurter
2024-05-31,EUR,1.085199,ecb_frankfurter
2024-05-31,CAD,0.733030,ecb_frankfurter
2024-06-01,USD,1.000000,ecb_frankfurter
2024-06-01,GBP,1.271246,ecb_frankfurter
2024-06-01,EUR,1.085199,ecb_frankfurter
2024-06-01,CAD,0.733030,ecb_frankfurter
2024-06-02,USD,1.000000,ecb_frankfurter
2024-06-02,GBP,1.271246,ecb_frankfurter
2024-06-02,EUR,1.085199,ecb_frankfurter
2024-06-02,CAD,0.733030,ecb_frankfurter
2024-06-03,USD,1.000000,ecb_frankfurter
2024-06-03,GBP,1.272912,ecb_frankfurter
2024-06-03,EUR,1.084199,ecb_frankfurter
2024-06-03,CAD,0.733353,ecb_frankfurter
2024-06-04,USD,1.000000,ecb_frankfurter
2024-06-04,GBP,1.276096,ecb_frankfurter
2024-06-04,EUR,1.086496,ecb_frankfurter
2024-06-04,CAD,0.731154,ecb_frankfurter
2024-06-05,USD,1.000000,ecb_frankfurter
2024-06-05,GBP,1.278331,ecb_frankfurter
2024-06-05,EUR,1.087205,ecb_frankfurter
2024-06-05,CAD,0.731261,ecb_frankfurter
2024-06-06,USD,1.000000,ecb_frankfurter
2024-06-06,GBP,1.276911,ecb_frankfurter
2024-06-06,EUR,1.086496,ecb_frankfurter
2024-06-06,CAD,0.730247,ecb_frankfurter
2024-06-07,USD,1.000000,ecb_frankfurter
2024-06-07,GBP,1.280311,ecb_frankfurter
2024-06-07,EUR,1.089799,ecb_frankfurter
2024-06-07,CAD,0.731315,ecb_frankfurter
2024-06-08,USD,1.000000,ecb_frankfurter
2024-06-08,GBP,1.280311,ecb_frankfurter
2024-06-08,EUR,1.089799,ecb_frankfurter
2024-06-08,CAD,0.731315,ecb_frankfurter
2024-06-09,USD,1.000000,ecb_frankfurter
2024-06-09,GBP,1.280311,ecb_frankfurter
2024-06-09,EUR,1.089799,ecb_frankfurter
2024-06-09,CAD,0.731315,ecb_frankfurter
2024-06-10,USD,1.000000,ecb_frankfurter
2024-06-10,GBP,1.271925,ecb_frankfurter
2024-06-10,EUR,1.075604,ecb_frankfurter
2024-06-10,CAD,0.726691,ecb_frankfurter
2024-06-11,USD,1.000000,ecb_frankfurter
2024-06-11,GBP,1.274372,ecb_frankfurter
2024-06-11,EUR,1.072996,ecb_frankfurter
2024-06-11,CAD,0.725953,ecb_frankfurter
2024-06-12,USD,1.000000,ecb_frankfurter
2024-06-12,GBP,1.275998,ecb_frankfurter
2024-06-12,EUR,1.076496,ecb_frankfurter
2024-06-12,CAD,0.727590,ecb_frankfurter
2024-06-13,USD,1.000000,ecb_frankfurter
2024-06-13,GBP,1.276699,ecb_frankfurter
2024-06-13,EUR,1.078400,ecb_frankfurter
2024-06-13,CAD,0.727537,ecb_frankfurter
2024-06-14,USD,1.000000,ecb_frankfurter
2024-06-14,GBP,1.269052,ecb_frankfurter
2024-06-14,EUR,1.068604,ecb_frankfurter
2024-06-14,CAD,0.726744,ecb_frankfurter
2024-06-15,USD,1.000000,ecb_frankfurter
2024-06-15,GBP,1.269052,ecb_frankfurter
2024-06-15,EUR,1.068604,ecb_frankfurter
2024-06-15,CAD,0.726744,ecb_frankfurter
2024-06-16,USD,1.000000,ecb_frankfurter
2024-06-16,GBP,1.269052,ecb_frankfurter
2024-06-16,EUR,1.068604,ecb_frankfurter
2024-06-16,CAD,0.726744,ecb_frankfurter
2024-06-17,USD,1.000000,ecb_frankfurter
2024-06-17,GBP,1.266592,ecb_frankfurter
2024-06-17,EUR,1.071203,ecb_frankfurter
2024-06-17,CAD,0.727431,ecb_frankfurter
2024-06-18,USD,1.000000,ecb_frankfurter
2024-06-18,GBP,1.267443,ecb_frankfurter
2024-06-18,EUR,1.071501,ecb_frankfurter
2024-06-18,CAD,0.727379,ecb_frankfurter
2024-06-19,USD,1.000000,ecb_frankfurter
2024-06-19,GBP,1.272750,ecb_frankfurter
2024-06-19,EUR,1.074899,ecb_frankfurter
2024-06-19,CAD,0.729395,ecb_frankfurter
2024-06-20,USD,1.000000,ecb_frankfurter
2024-06-20,GBP,1.268327,ecb_frankfurter
2024-06-20,EUR,1.071903,ecb_frankfurter
2024-06-20,CAD,0.729395,ecb_frankfurter
2024-06-21,USD,1.000000,ecb_frankfurter
2024-06-21,GBP,1.264382,ecb_frankfurter
2024-06-21,EUR,1.068799,ecb_frankfurter
2024-06-21,CAD,0.730460,ecb_frankfurter
2024-06-22,USD,1.000000,ecb_frankfurter
2024-06-22,GBP,1.264382,ecb_frankfurter
2024-06-22,EUR,1.068799,ecb_frankfurter
2024-06-22,CAD,0.730460,ecb_frankfurter
2024-06-23,USD,1.000000,ecb_frankfurter
2024-06-23,GBP,1.264382,ecb_frankfurter
2024-06-23,EUR,1.068799,ecb_frankfurter
2024-06-23,CAD,0.730460,ecb_frankfurter
2024-06-24,USD,1.000000,ecb_frankfurter
2024-06-24,GBP,1.266368,ecb_frankfurter
2024-06-24,EUR,1.072996,ecb_frankfurter
2024-06-24,CAD,0.730834,ecb_frankfurter
2024-06-25,USD,1.000000,ecb_frankfurter
2024-06-25,GBP,1.268456,ecb_frankfurter
2024-06-25,EUR,1.071398,ecb_frankfurter
2024-06-25,CAD,0.731315,ecb_frankfurter
2024-06-26,USD,1.000000,ecb_frankfurter
2024-06-26,GBP,1.265679,ecb_frankfurter
2024-06-26,EUR,1.068901,ecb_frankfurter
2024-06-26,CAD,0.730727,ecb_frankfurter
2024-06-27,USD,1.000000,ecb_frankfurter
2024-06-27,GBP,1.264446,ecb_frankfurter
2024-06-27,EUR,1.069599,ecb_frankfurter
2024-06-27,CAD,0.730247,ecb_frankfurter
2024-06-28,USD,1.000000,ecb_frankfurter
2024-06-28,GBP,1.264798,ecb_frankfurter
2024-06-28,EUR,1.070503,ecb_frankfurter
2024-06-28,CAD,0.729714,ecb_frankfurter
2024-06-29,USD,1.000000,ecb_frankfurter
2024-06-29,GBP,1.264798,ecb_frankfurter
2024-06-29,EUR,1.070503,ecb_frankfurter
2024-06-29,CAD,0.729714,ecb_frankfurter
2024-06-30,USD,1.000000,ecb_frankfurter
2024-06-30,GBP,1.264798,ecb_frankfurter
2024-06-30,EUR,1.070503,ecb_frankfurter
2024-06-30,CAD,0.729714,ecb_frankfurter
2024-07-01,USD,1.000000,ecb_frankfurter
2024-07-01,GBP,1.267250,ecb_frankfurter
2024-07-01,EUR,1.074495,ecb_frankfurter
2024-07-01,CAD,0.730407,ecb_frankfurter
2024-07-02,USD,1.000000,ecb_frankfurter
2024-07-02,GBP,1.265887,ecb_frankfurter
2024-07-02,EUR,1.072904,ecb_frankfurter
2024-07-02,CAD,0.728544,ecb_frankfurter
2024-07-03,USD,1.000000,ecb_frankfurter
2024-07-03,GBP,1.270422,ecb_frankfurter
2024-07-03,EUR,1.075801,ecb_frankfurter
2024-07-03,CAD,0.731689,ecb_frankfurter
2024-07-04,USD,1.000000,ecb_frankfurter
2024-07-04,GBP,1.275640,ecb_frankfurter
2024-07-04,EUR,1.079995,ecb_frankfurter
2024-07-04,CAD,0.734430,ecb_frankfurter
2024-07-05,USD,1.000000,ecb_frankfurter
2024-07-05,GBP,1.279230,ecb_frankfurter
2024-07-05,EUR,1.082403,ecb_frankfurter
2024-07-05,CAD,0.734538,ecb_frankfurter
2024-07-06,USD,1.000000,ecb_frankfurter
2024-07-06,GBP,1.279230,ecb_frankfurter
2024-07-06,EUR,1.082403,ecb_frankfurter
2024-07-06,CAD,0.734538,ecb_frankfurter
2024-07-07,USD,1.000000,ecb_frankfurter
2024-07-07,GBP,1.279230,ecb_frankfurter
2024-07-07,EUR,1.082403,ecb_frankfurter
2024-07-07,CAD,0.734538,ecb_frankfurter
2024-07-08,USD,1.000000,ecb_frankfurter
2024-07-08,GBP,1.283615,ecb_frankfurter
2024-07-08,EUR,1.083506,ecb_frankfurter
2024-07-08,CAD,0.733460,ecb_frankfurter
2024-07-09,USD,1.000000,ecb_frankfurter
2024-07-09,GBP,1.279902,ecb_frankfurter
2024-07-09,EUR,1.081397,ecb_frankfurter
2024-07-09,CAD,0.733030,ecb_frankfurter
2024-07-10,USD,1.000000,ecb_frankfurter
2024-07-10,GBP,1.280787,ecb_frankfurter
2024-07-10,EUR,1.082497,ecb_frankfurter
2024-07-10,CAD,0.733514,ecb_frankfurter
2024-07-11,USD,1.000000,ecb_frankfurter
2024-07-11,GBP,1.287581,ecb_frankfurter
2024-07-11,EUR,1.085505,ecb_frankfurter
2024-07-11,CAD,0.733622,ecb_frankfurter
2024-07-12,USD,1.000000,ecb_frankfurter
2024-07-12,GBP,1.295975,ecb_frankfurter
2024-07-12,EUR,1.089004,ecb_frankfurter
2024-07-12,CAD,0.734107,ecb_frankfurter
2024-07-13,USD,1.000000,ecb_frankfurter
2024-07-13,GBP,1.295975,ecb_frankfurter
2024-07-13,EUR,1.089004,ecb_frankfurter
2024-07-13,CAD,0.734107,ecb_frankfurter
2024-07-14,USD,1.000000,ecb_frankfurter
2024-07-14,GBP,1.295975,ecb_frankfurter
2024-07-14,EUR,1.089004,ecb_frankfurter
2024-07-14,CAD,0.734107,ecb_frankfurter
2024-07-15,USD,1.000000,ecb_frankfurter
2024-07-15,GBP,1.297757,ecb_frankfurter
2024-07-15,EUR,1.090703,ecb_frankfurter
2024-07-15,CAD,0.733030,ecb_frankfurter
2024-07-16,USD,1.000000,ecb_frankfurter
2024-07-16,GBP,1.296966,ecb_frankfurter
2024-07-16,EUR,1.090203,ecb_frankfurter
2024-07-16,CAD,0.731154,ecb_frankfurter
2024-07-17,USD,1.000000,ecb_frankfurter
2024-07-17,GBP,1.302983,ecb_frankfurter
2024-07-17,EUR,1.093398,ecb_frankfurter
2024-07-17,CAD,0.731422,ecb_frankfurter
2024-07-18,USD,1.000000,ecb_frankfurter
2024-07-18,GBP,1.298482,ecb_frankfurter
2024-07-18,EUR,1.093004,ecb_frankfurter
2024-07-18,CAD,0.730941,ecb_frankfurter
2024-07-19,USD,1.000000,ecb_frankfurter
2024-07-19,GBP,1.292123,ecb_frankfurter
2024-07-19,EUR,1.089004,ecb_frankfurter
2024-07-19,CAD,0.729022,ecb_frankfurter
2024-07-20,USD,1.000000,ecb_frankfurter
2024-07-20,GBP,1.292123,ecb_frankfurter
2024-07-20,EUR,1.089004,ecb_frankfurter
2024-07-20,CAD,0.729022,ecb_frankfurter
2024-07-21,USD,1.000000,ecb_frankfurter
2024-07-21,GBP,1.292123,ecb_frankfurter
2024-07-21,EUR,1.089004,ecb_frankfurter
2024-07-21,CAD,0.729022,ecb_frankfurter
2024-07-22,USD,1.000000,ecb_frankfurter
2024-07-22,GBP,1.292875,ecb_frankfurter
2024-07-22,EUR,1.088803,ecb_frankfurter
2024-07-22,CAD,0.727273,ecb_frankfurter
2024-07-23,USD,1.000000,ecb_frankfurter
2024-07-23,GBP,1.291739,ecb_frankfurter
2024-07-23,EUR,1.086000,ecb_frankfurter
2024-07-23,CAD,0.726691,ecb_frankfurter
2024-07-24,USD,1.000000,ecb_frankfurter
2024-07-24,GBP,1.291839,ecb_frankfurter
2024-07-24,EUR,1.084799,ecb_frankfurter
2024-07-24,CAD,0.725479,ecb_frankfurter
2024-07-25,USD,1.000000,ecb_frankfurter
2024-07-25,GBP,1.287498,ecb_frankfurter
2024-07-25,EUR,1.085105,ecb_frankfurter
2024-07-25,CAD,0.722439,ecb_frankfurter
2024-07-26,USD,1.000000,ecb_frankfurter
2024-07-26,GBP,1.287068,ecb_frankfurter
2024-07-26,EUR,1.086000,ecb_frankfurter
2024-07-26,CAD,0.723589,ecb_frankfurter
2024-07-27,USD,1.000000,ecb_frankfurter
2024-07-27,GBP,1.287068,ecb_frankfurter
2024-07-27,EUR,1.086000,ecb_frankfurter
2024-07-27,CAD,0.723589,ecb_frankfurter
2024-07-28,USD,1.000000,ecb_frankfurter
2024-07-28,GBP,1.287068,ecb_frankfurter
2024-07-28,EUR,1.086000,ecb_frankfurter
2024-07-28,CAD,0.723589,ecb_frankfurter
2024-07-29,USD,1.000000,ecb_frankfurter
2024-07-29,GBP,1.282479,ecb_frankfurter
2024-07-29,EUR,1.081701,ecb_frankfurter
2024-07-29,CAD,0.722282,ecb_frankfurter
2024-07-30,USD,1.000000,ecb_frankfurter
2024-07-30,GBP,1.284588,ecb_frankfurter
2024-07-30,EUR,1.082403,ecb_frankfurter
2024-07-30,CAD,0.721813,ecb_frankfurter
2024-07-31,USD,1.000000,ecb_frankfurter
2024-07-31,GBP,1.283236,ecb_frankfurter
2024-07-31,EUR,1.082802,ecb_frankfurter
2024-07-31,CAD,0.722961,ecb_frankfurter
2024-08-01,USD,1.000000,ecb_frankfurter
2024-08-01,GBP,1.279410,ecb_frankfurter
2024-08-01,EUR,1.078900,ecb_frankfurter
2024-08-01,CAD,0.723537,ecb_frankfurter
2024-08-02,USD,1.000000,ecb_frankfurter
2024-08-02,GBP,1.274714,ecb_frankfurter
2024-08-02,EUR,1.083506,ecb_frankfurter
2024-08-02,CAD,0.720669,ecb_frankfurter
2024-08-03,USD,1.000000,ecb_frankfurter
2024-08-03,GBP,1.274714,ecb_frankfurter
2024-08-03,EUR,1.083506,ecb_frankfurter
2024-08-03,CAD,0.720669,ecb_frankfurter
2024-08-04,USD,1.000000,ecb_frankfurter
2024-08-04,GBP,1.274714,ecb_frankfurter
2024-08-04,EUR,1.083506,ecb_frankfurter
2024-08-04,CAD,0.720669,ecb_frankfurter
2024-08-05,USD,1.000000,ecb_frankfurter
2024-08-05,GBP,1.276927,ecb_frankfurter
2024-08-05,EUR,1.096599,ecb_frankfurter
2024-08-05,CAD,0.722022,ecb_frankfurter
2024-08-06,USD,1.000000,ecb_frankfurter
2024-08-06,GBP,1.269213,ecb_frankfurter
2024-08-06,EUR,1.091500,ecb_frankfurter
2024-08-06,CAD,0.723014,ecb_frankfurter
2024-08-07,USD,1.000000,ecb_frankfurter
2024-08-07,GBP,1.272848,ecb_frankfurter
2024-08-07,EUR,1.092204,ecb_frankfurter
2024-08-07,CAD,0.727643,ecb_frankfurter
2024-08-08,USD,1.000000,ecb_frankfurter
2024-08-08,GBP,1.269551,ecb_frankfurter
2024-08-08,EUR,1.093004,ecb_frankfurter
2024-08-08,CAD,0.727643,ecb_frankfurter
2024-08-09,USD,1.000000,ecb_frankfurter
2024-08-09,GBP,1.273739,ecb_frankfurter
2024-08-09,EUR,1.091703,ecb_frankfurter
2024-08-09,CAD,0.727484,ecb_frankfurter
2024-08-10,USD,1.000000,ecb_frankfurter
2024-08-10,GBP,1.273739,ecb_frankfurter
2024-08-10,EUR,1.091703,ecb_frankfurter
2024-08-10,CAD,0.727484,ecb_frankfurter
2024-08-11,USD,1.000000,ecb_frankfurter
2024-08-11,GBP,1.273739,ecb_frankfurter
2024-08-11,EUR,1.091703,ecb_frankfurter
2024-08-11,CAD,0.727484,ecb_frankfurter
2024-08-12,USD,1.000000,ecb_frankfurter
2024-08-12,GBP,1.276976,ecb_frankfurter
2024-08-12,EUR,1.092502,ecb_frankfurter
2024-08-12,CAD,0.728438,ecb_frankfurter
2024-08-13,USD,1.000000,ecb_frankfurter
2024-08-13,GBP,1.279116,ecb_frankfurter
2024-08-13,EUR,1.093099,ecb_frankfurter
2024-08-13,CAD,0.728067,ecb_frankfurter
2024-08-14,USD,1.000000,ecb_frankfurter
2024-08-14,GBP,1.284522,ecb_frankfurter
2024-08-14,EUR,1.101904,ecb_frankfurter
2024-08-14,CAD,0.729022,ecb_frankfurter
2024-08-15,USD,1.000000,ecb_frankfurter
2024-08-15,GBP,1.286107,ecb_frankfurter
2024-08-15,EUR,1.101103,ecb_frankfurter
2024-08-15,CAD,0.729714,ecb_frankfurter
2024-08-16,USD,1.000000,ecb_frankfurter
2024-08-16,GBP,1.291472,ecb_frankfurter
2024-08-16,EUR,1.099396,ecb_frankfurter
2024-08-16,CAD,0.728332,ecb_frankfurter
2024-08-17,USD,1.000000,ecb_frankfurter
2024-08-17,GBP,1.291472,ecb_frankfurter
2024-08-17,EUR,1.099396,ecb_frankfurter
2024-08-17,CAD,0.728332,ecb_frankfurter
2024-08-18,USD,1.000000,ecb_frankfurter
2024-08-18,GBP,1.291472,ecb_frankfurter
2024-08-18,EUR,1.099396,ecb_frankfurter
2024-08-18,CAD,0.728332,ecb_frankfurter
2024-08-19,USD,1.000000,ecb_frankfurter
2024-08-19,GBP,1.295236,ecb_frankfurter
2024-08-19,EUR,1.104094,ecb_frankfurter
2024-08-19,CAD,0.731315,ecb_frankfurter
2024-08-20,USD,1.000000,ecb_frankfurter
2024-08-20,GBP,1.301033,ecb_frankfurter
2024-08-20,EUR,1.108402,ecb_frankfurter
2024-08-20,CAD,0.734754,ecb_frankfurter
2024-08-21,USD,1.000000,ecb_frankfurter
2024-08-21,GBP,1.303118,ecb_frankfurter
2024-08-21,EUR,1.111605,ecb_frankfurter
2024-08-21,CAD,0.735348,ecb_frankfurter
2024-08-22,USD,1.000000,ecb_frankfurter
2024-08-22,GBP,1.310874,ecb_frankfurter
2024-08-22,EUR,1.113499,ecb_frankfurter
2024-08-22,CAD,0.735943,ecb_frankfurter
2024-08-23,USD,1.000000,ecb_frankfurter
2024-08-23,GBP,1.312474,ecb_frankfurter
2024-08-23,EUR,1.112100,ecb_frankfurter
2024-08-23,CAD,0.736214,ecb_frankfurter
2024-08-24,USD,1.000000,ecb_frankfurter
2024-08-24,GBP,1.312474,ecb_frankfurter
2024-08-24,EUR,1.112100,ecb_frankfurter
2024-08-24,CAD,0.736214,ecb_frankfurter
2024-08-25,USD,1.000000,ecb_frankfurter
2024-08-25,GBP,1.312474,ecb_frankfurter
2024-08-25,EUR,1.112100,ecb_frankfurter
2024-08-25,CAD,0.736214,ecb_frankfurter
2024-08-26,USD,1.000000,ecb_frankfurter
2024-08-26,GBP,1.318809,ecb_frankfurter
2024-08-26,EUR,1.116296,ecb_frankfurter
2024-08-26,CAD,0.740466,ecb_frankfurter
2024-08-27,USD,1.000000,ecb_frankfurter
2024-08-27,GBP,1.321912,ecb_frankfurter
2024-08-27,EUR,1.116196,ecb_frankfurter
2024-08-27,CAD,0.742115,ecb_frankfurter
2024-08-28,USD,1.000000,ecb_frankfurter
2024-08-28,GBP,1.320882,ecb_frankfurter
2024-08-28,EUR,1.111704,ecb_frankfurter
2024-08-28,CAD,0.742005,ecb_frankfurter
2024-08-29,USD,1.000000,ecb_frankfurter
2024-08-29,GBP,1.317263,ecb_frankfurter
2024-08-29,EUR,1.108795,ecb_frankfurter
2024-08-29,CAD,0.742832,ecb_frankfurter
2024-08-30,USD,1.000000,ecb_frankfurter
2024-08-30,GBP,1.317992,ecb_frankfurter
2024-08-30,EUR,1.108697,ecb_frankfurter
2024-08-30,CAD,0.742060,ecb_frankfurter
2024-08-31,USD,1.000000,ecb_frankfurter
2024-08-31,GBP,1.317992,ecb_frankfurter
2024-08-31,EUR,1.108697,ecb_frankfurter
2024-08-31,CAD,0.742060,ecb_frankfurter
2024-09-01,USD,1.000000,ecb_frankfurter
2024-09-01,GBP,1.317992,ecb_frankfurter
2024-09-01,EUR,1.108697,ecb_frankfurter
2024-09-01,CAD,0.742060,ecb_frankfurter
2024-09-02,USD,1.000000,ecb_frankfurter
2024-09-02,GBP,1.313370,ecb_frankfurter
2024-09-02,EUR,1.106097,ecb_frankfurter
2024-09-02,CAD,0.740741,ecb_frankfurter
2024-09-03,USD,1.000000,ecb_frankfurter
2024-09-03,GBP,1.312370,ecb_frankfurter
2024-09-03,EUR,1.103497,ecb_frankfurter
2024-09-03,CAD,0.738062,ecb_frankfurter
2024-09-04,USD,1.000000,ecb_frankfurter
2024-09-04,GBP,1.311596,ecb_frankfurter
2024-09-04,EUR,1.104997,ecb_frankfurter
2024-09-04,CAD,0.737626,ecb_frankfurter
2024-09-05,USD,1.000000,ecb_frankfurter
2024-09-05,GBP,1.316084,ecb_frankfurter
2024-09-05,EUR,1.109705,ecb_frankfurter
2024-09-05,CAD,0.739973,ecb_frankfurter
2024-09-06,USD,1.000000,ecb_frankfurter
2024-09-06,GBP,1.317193,ecb_frankfurter
2024-09-06,EUR,1.110297,ecb_frankfurter
2024-09-06,CAD,0.741015,ecb_frankfurter
2024-09-07,USD,1.000000,ecb_frankfurter
2024-09-07,GBP,1.317193,ecb_frankfurter
2024-09-07,EUR,1.110297,ecb_frankfurter
2024-09-07,CAD,0.741015,ecb_frankfurter
2024-09-08,USD,1.000000,ecb_frankfurter
2024-09-08,GBP,1.317193,ecb_frankfurter
2024-09-08,EUR,1.110297,ecb_frankfurter
2024-09-08,CAD,0.741015,ecb_frankfurter
2024-09-09,USD,1.000000,ecb_frankfurter
2024-09-09,GBP,1.308952,ecb_frankfurter
2024-09-09,EUR,1.104301,ecb_frankfurter
2024-09-09,CAD,0.737246,ecb_frankfurter
2024-09-10,USD,1.000000,ecb_frankfurter
2024-09-10,GBP,1.309089,ecb_frankfurter
2024-09-10,EUR,1.103095,ecb_frankfurter
2024-09-10,CAD,0.736703,ecb_frankfurter
2024-09-11,USD,1.000000,ecb_frankfurter
2024-09-11,GBP,1.308798,ecb_frankfurter
2024-09-11,EUR,1.104301,ecb_frankfurter
2024-09-11,CAD,0.736323,ecb_frankfurter
2024-09-12,USD,1.000000,ecb_frankfurter
2024-09-12,GBP,1.304291,ecb_frankfurter
2024-09-12,EUR,1.101601,ecb_frankfurter
2024-09-12,CAD,0.736160,ecb_frankfurter
2024-09-13,USD,1.000000,ecb_frankfurter
2024-09-13,GBP,1.311751,ecb_frankfurter
2024-09-13,EUR,1.108095,ecb_frankfurter
2024-09-13,CAD,0.735727,ecb_frankfurter
2024-09-14,USD,1.000000,ecb_frankfurter
2024-09-14,GBP,1.311751,ecb_frankfurter
2024-09-14,EUR,1.108095,ecb_frankfurter
2024-09-14,CAD,0.735727,ecb_frankfurter
2024-09-15,USD,1.000000,ecb_frankfurter
2024-09-15,GBP,1.311751,ecb_frankfurter
2024-09-15,EUR,1.108095,ecb_frankfurter
2024-09-15,CAD,0.735727,ecb_frankfurter
2024-09-16,USD,1.000000,ecb_frankfurter
2024-09-16,GBP,1.320149,ecb_frankfurter
2024-09-16,EUR,1.112595,ecb_frankfurter
2024-09-16,CAD,0.736377,ecb_frankfurter
2024-09-17,USD,1.000000,ecb_frankfurter
2024-09-17,GBP,1.321702,ecb_frankfurter
2024-09-17,EUR,1.113896,ecb_frankfurter
2024-09-17,CAD,0.736052,ecb_frankfurter
2024-09-18,USD,1.000000,ecb_frankfurter
2024-09-18,GBP,1.320742,ecb_frankfurter
2024-09-18,EUR,1.112397,ecb_frankfurter
2024-09-18,CAD,0.735835,ecb_frankfurter
2024-09-19,USD,1.000000,ecb_frankfurter
2024-09-19,GBP,1.328833,ecb_frankfurter
2024-09-19,EUR,1.115598,ecb_frankfurter
2024-09-19,CAD,0.738334,ecb_frankfurter
2024-09-20,USD,1.000000,ecb_frankfurter
2024-09-20,GBP,1.330707,ecb_frankfurter
2024-09-20,EUR,1.116595,ecb_frankfurter
2024-09-20,CAD,0.737137,ecb_frankfurter
2024-09-21,USD,1.000000,ecb_frankfurter
2024-09-21,GBP,1.330707,ecb_frankfurter
2024-09-21,EUR,1.116595,ecb_frankfurter
2024-09-21,CAD,0.737137,ecb_frankfurter
2024-09-22,USD,1.000000,ecb_frankfurter
2024-09-22,GBP,1.330707,ecb_frankfurter
2024-09-22,EUR,1.116595,ecb_frankfurter
2024-09-22,CAD,0.737137,ecb_frankfurter
2024-09-23,USD,1.000000,ecb_frankfurter
2024-09-23,GBP,1.331327,ecb_frankfurter
2024-09-23,EUR,1.111902,ecb_frankfurter
2024-09-23,CAD,0.738062,ecb_frankfurter
2024-09-24,USD,1.000000,ecb_frankfurter
2024-09-24,GBP,1.337775,ecb_frankfurter
2024-09-24,EUR,1.113301,ecb_frankfurter
2024-09-24,CAD,0.740576,ecb_frankfurter
2024-09-25,USD,1.000000,ecb_frankfurter
2024-09-25,GBP,1.338151,ecb_frankfurter
2024-09-25,EUR,1.119395,ecb_frankfurter
2024-09-25,CAD,0.744103,ecb_frankfurter
2024-09-26,USD,1.000000,ecb_frankfurter
2024-09-26,GBP,1.337077,ecb_frankfurter
2024-09-26,EUR,1.115499,ecb_frankfurter
2024-09-26,CAD,0.742446,ecb_frankfurter
2024-09-27,USD,1.000000,ecb_frankfurter
2024-09-27,GBP,1.338885,ecb_frankfurter
2024-09-27,EUR,1.115797,ecb_frankfurter
2024-09-27,CAD,0.742060,ecb_frankfurter
2024-09-28,USD,1.000000,ecb_frankfurter
2024-09-28,GBP,1.338885,ecb_frankfurter
2024-09-28,EUR,1.115797,ecb_frankfurter
2024-09-28,CAD,0.742060,ecb_frankfurter
2024-09-29,USD,1.000000,ecb_frankfurter
2024-09-29,GBP,1.338885,ecb_frankfurter
2024-09-29,EUR,1.115797,ecb_frankfurter
2024-09-29,CAD,0.742060,ecb_frankfurter
2024-09-30,USD,1.000000,ecb_frankfurter
2024-09-30,GBP,1.340141,ecb_frankfurter
2024-09-30,EUR,1.119595,ecb_frankfurter
2024-09-30,CAD,0.739864,ecb_frankfurter
2024-10-01,USD,1.000000,ecb_frankfurter
2024-10-01,GBP,1.332569,ecb_frankfurter
2024-10-01,EUR,1.108598,ecb_frankfurter
2024-10-01,CAD,0.739754,ecb_frankfurter
2024-10-02,USD,1.000000,ecb_frankfurter
2024-10-02,GBP,1.329239,ecb_frankfurter
2024-10-02,EUR,1.107101,ecb_frankfurter
2024-10-02,CAD,0.741455,ecb_frankfurter
2024-10-03,USD,1.000000,ecb_frankfurter
2024-10-03,GBP,1.310135,ecb_frankfurter
2024-10-03,EUR,1.103899,ecb_frankfurter
2024-10-03,CAD,0.738662,ecb_frankfurter
2024-10-04,USD,1.000000,ecb_frankfurter
2024-10-04,GBP,1.317124,ecb_frankfurter
2024-10-04,EUR,1.102901,ecb_frankfurter
2024-10-04,CAD,0.737626,ecb_frankfurter
2024-10-05,USD,1.000000,ecb_frankfurter
2024-10-05,GBP,1.317124,ecb_frankfurter
2024-10-05,EUR,1.102901,ecb_frankfurter
2024-10-05,CAD,0.737626,ecb_frankfurter
2024-10-06,USD,1.000000,ecb_frankfurter
2024-10-06,GBP,1.317124,ecb_frankfurter
2024-10-06,EUR,1.102901,ecb_frankfurter
2024-10-06,CAD,0.737626,ecb_frankfurter
2024-10-07,USD,1.000000,ecb_frankfurter
2024-10-07,GBP,1.308661,ecb_frankfurter
2024-10-07,EUR,1.098201,ecb_frankfurter
2024-10-07,CAD,0.736377,ecb_frankfurter
2024-10-08,USD,1.000000,ecb_frankfurter
2024-10-08,GBP,1.310839,ecb_frankfurter
2024-10-08,EUR,1.098201,ecb_frankfurter
2024-10-08,CAD,0.733084,ecb_frankfurter
2024-10-09,USD,1.000000,ecb_frankfurter
2024-10-09,GBP,1.308455,ecb_frankfurter
2024-10-09,EUR,1.095698,ecb_frankfurter
2024-10-09,CAD,0.731208,ecb_frankfurter
2024-10-10,USD,1.000000,ecb_frankfurter
2024-10-10,GBP,1.306319,ecb_frankfurter
2024-10-10,EUR,1.093195,ecb_frankfurter
2024-10-10,CAD,0.727273,ecb_frankfurter
2024-10-11,USD,1.000000,ecb_frankfurter
2024-10-11,GBP,1.306728,ecb_frankfurter
2024-10-11,EUR,1.093805,ecb_frankfurter
2024-10-11,CAD,0.726164,ecb_frankfurter
2024-10-12,USD,1.000000,ecb_frankfurter
2024-10-12,GBP,1.306728,ecb_frankfurter
2024-10-12,EUR,1.093805,ecb_frankfurter
2024-10-12,CAD,0.726164,ecb_frankfurter
2024-10-13,USD,1.000000,ecb_frankfurter
2024-10-13,GBP,1.306728,ecb_frankfurter
2024-10-13,EUR,1.093805,ecb_frankfurter
2024-10-13,CAD,0.726164,ecb_frankfurter
2024-10-14,USD,1.000000,ecb_frankfurter
2024-10-14,GBP,1.304614,ecb_frankfurter
2024-10-14,EUR,1.091500,ecb_frankfurter
2024-10-14,CAD,0.725374,ecb_frankfurter
2024-10-15,USD,1.000000,ecb_frankfurter
2024-10-15,GBP,1.308027,ecb_frankfurter
2024-10-15,EUR,1.090299,ecb_frankfurter
2024-10-15,CAD,0.723851,ecb_frankfurter
2024-10-16,USD,1.000000,ecb_frankfurter
2024-10-16,GBP,1.303390,ecb_frankfurter
2024-10-16,EUR,1.089704,ecb_frankfurter
2024-10-16,CAD,0.725847,ecb_frankfurter
2024-10-17,USD,1.000000,ecb_frankfurter
2024-10-17,GBP,1.302016,ecb_frankfurter
2024-10-17,EUR,1.086602,ecb_frankfurter
2024-10-17,CAD,0.725584,ecb_frankfurter
2024-10-18,USD,1.000000,ecb_frankfurter
2024-10-18,GBP,1.304274,ecb_frankfurter
2024-10-18,EUR,1.084705,ecb_frankfurter
2024-10-18,CAD,0.725058,ecb_frankfurter
2024-10-19,USD,1.000000,ecb_frankfurter
2024-10-19,GBP,1.304274,ecb_frankfurter
2024-10-19,EUR,1.084705,ecb_frankfurter
2024-10-19,CAD,0.725058,ecb_frankfurter
2024-10-20,USD,1.000000,ecb_frankfurter
2024-10-20,GBP,1.304274,ecb_frankfurter
2024-10-20,EUR,1.084705,ecb_frankfurter
2024-10-20,CAD,0.725058,ecb_frankfurter
2024-10-21,USD,1.000000,ecb_frankfurter
2024-10-21,GBP,1.302643,ecb_frankfurter
2024-10-21,EUR,1.085305,ecb_frankfurter
2024-10-21,CAD,0.723641,ecb_frankfurter
2024-10-22,USD,1.000000,ecb_frankfurter
2024-10-22,GBP,1.298415,ecb_frankfurter
2024-10-22,EUR,1.082099,ecb_frankfurter
2024-10-22,CAD,0.723118,ecb_frankfurter
2024-10-23,USD,1.000000,ecb_frankfurter
2024-10-23,GBP,1.294917,ecb_frankfurter
2024-10-23,EUR,1.076704,ecb_frankfurter
2024-10-23,CAD,0.722596,ecb_frankfurter
2024-10-24,USD,1.000000,ecb_frankfurter
2024-10-24,GBP,1.298044,ecb_frankfurter
2024-10-24,EUR,1.080100,ecb_frankfurter
2024-10-24,CAD,0.723851,ecb_frankfurter
2024-10-25,USD,1.000000,ecb_frankfurter
2024-10-25,GBP,1.298617,ecb_frankfurter
2024-10-25,EUR,1.082497,ecb_frankfurter
2024-10-25,CAD,0.722178,ecb_frankfurter
2024-10-26,USD,1.000000,ecb_frankfurter
2024-10-26,GBP,1.298617,ecb_frankfurter
2024-10-26,EUR,1.082497,ecb_frankfurter
2024-10-26,CAD,0.722178,ecb_frankfurter
2024-10-27,USD,1.000000,ecb_frankfurter
2024-10-27,GBP,1.298617,ecb_frankfurter
2024-10-27,EUR,1.082497,ecb_frankfurter
2024-10-27,CAD,0.722178,ecb_frankfurter
2024-10-28,USD,1.000000,ecb_frankfurter
2024-10-28,GBP,1.298836,ecb_frankfurter
2024-10-28,EUR,1.081794,ecb_frankfurter
2024-10-28,CAD,0.719735,ecb_frankfurter
2024-10-29,USD,1.000000,ecb_frankfurter
2024-10-29,GBP,1.297757,ecb_frankfurter
2024-10-29,EUR,1.077400,ecb_frankfurter
2024-10-29,CAD,0.719166,ecb_frankfurter
2024-10-30,USD,1.000000,ecb_frankfurter
2024-10-30,GBP,1.296378,ecb_frankfurter
2024-10-30,EUR,1.081502,ecb_frankfurter
2024-10-30,CAD,0.717566,ecb_frankfurter
2024-10-31,USD,1.000000,ecb_frankfurter
2024-10-31,GBP,1.299292,ecb_frankfurter
2024-10-31,EUR,1.088198,ecb_frankfurter
2024-10-31,CAD,0.719062,ecb_frankfurter
2024-11-01,USD,1.000000,ecb_frankfurter
2024-11-01,GBP,1.295857,ecb_frankfurter
2024-11-01,EUR,1.088495,ecb_frankfurter
2024-11-01,CAD,0.718752,ecb_frankfurter
2024-11-02,USD,1.000000,ecb_frankfurter
2024-11-02,GBP,1.295857,ecb_frankfurter
2024-11-02,EUR,1.088495,ecb_frankfurter
2024-11-02,CAD,0.718752,ecb_frankfurter
2024-11-03,USD,1.000000,ecb_frankfurter
2024-11-03,GBP,1.295857,ecb_frankfurter
2024-11-03,EUR,1.088495,ecb_frankfurter
2024-11-03,CAD,0.718752,ecb_frankfurter
2024-11-04,USD,1.000000,ecb_frankfurter
2024-11-04,GBP,1.297118,ecb_frankfurter
2024-11-04,EUR,1.090406,ecb_frankfurter
2024-11-04,CAD,0.719476,ecb_frankfurter
2024-11-05,USD,1.000000,ecb_frankfurter
2024-11-05,GBP,1.298499,ecb_frankfurter
2024-11-05,EUR,1.089704,ecb_frankfurter
2024-11-05,CAD,0.720305,ecb_frankfurter
2024-11-06,USD,1.000000,ecb_frankfurter
2024-11-06,GBP,1.285099,ecb_frankfurter
2024-11-06,EUR,1.069496,ecb_frankfurter
2024-11-06,CAD,0.718133,ecb_frankfurter
2024-11-07,USD,1.000000,ecb_frankfurter
2024-11-07,GBP,1.296512,ecb_frankfurter
2024-11-07,EUR,1.078504,ecb_frankfurter
2024-11-07,CAD,0.720929,ecb_frankfurter
2024-11-08,USD,1.000000,ecb_frankfurter
2024-11-08,GBP,1.294901,ecb_frankfurter
2024-11-08,EUR,1.077203,ecb_frankfurter
2024-11-08,CAD,0.718959,ecb_frankfurter
2024-11-09,USD,1.000000,ecb_frankfurter
2024-11-09,GBP,1.294901,ecb_frankfurter
2024-11-09,EUR,1.077203,ecb_frankfurter
2024-11-09,CAD,0.718959,ecb_frankfurter
2024-11-10,USD,1.000000,ecb_frankfurter
2024-11-10,GBP,1.294901,ecb_frankfurter
2024-11-10,EUR,1.077203,ecb_frankfurter
2024-11-10,CAD,0.718959,ecb_frankfurter
2024-11-11,USD,1.000000,ecb_frankfurter
2024-11-11,GBP,1.288212,ecb_frankfurter
2024-11-11,EUR,1.065099,ecb_frankfurter
2024-11-11,CAD,0.717360,ecb_frankfurter
2024-11-12,USD,1.000000,ecb_frankfurter
2024-11-12,GBP,1.281706,ecb_frankfurter
2024-11-12,EUR,1.061695,ecb_frankfurter
2024-11-12,CAD,0.717412,ecb_frankfurter
2024-11-13,USD,1.000000,ecb_frankfurter
2024-11-13,GBP,1.274259,ecb_frankfurter
2024-11-13,EUR,1.062903,ecb_frankfurter
2024-11-13,CAD,0.716230,ecb_frankfurter
2024-11-14,USD,1.000000,ecb_frankfurter
2024-11-14,GBP,1.266624,ecb_frankfurter
2024-11-14,EUR,1.053297,ecb_frankfurter
2024-11-14,CAD,0.713674,ecb_frankfurter
2024-11-15,USD,1.000000,ecb_frankfurter
2024-11-15,GBP,1.268102,ecb_frankfurter
2024-11-15,EUR,1.058302,ecb_frankfurter
2024-11-15,CAD,0.712149,ecb_frankfurter
2024-11-16,USD,1.000000,ecb_frankfurter
2024-11-16,GBP,1.268102,ecb_frankfurter
2024-11-16,EUR,1.058302,ecb_frankfurter
2024-11-16,CAD,0.712149,ecb_frankfurter
2024-11-17,USD,1.000000,ecb_frankfurter
2024-11-17,GBP,1.268102,ecb_frankfurter
2024-11-17,EUR,1.058302,ecb_frankfurter
2024-11-17,CAD,0.712149,ecb_frankfurter
2024-11-18,USD,1.000000,ecb_frankfurter
2024-11-18,GBP,1.262802,ecb_frankfurter
2024-11-18,EUR,1.055197,ecb_frankfurter
2024-11-18,CAD,0.709471,ecb_frankfurter
2024-11-19,USD,1.000000,ecb_frankfurter
2024-11-19,GBP,1.264734,ecb_frankfurter
2024-11-19,EUR,1.057798,ecb_frankfurter
2024-11-19,CAD,0.713165,ecb_frankfurter
2024-11-20,USD,1.000000,ecb_frankfurter
2024-11-20,GBP,1.266737,ecb_frankfurter
2024-11-20,EUR,1.056200,ecb_frankfurter
2024-11-20,CAD,0.715256,ecb_frankfurter
2024-11-21,USD,1.000000,ecb_frankfurter
2024-11-21,GBP,1.264031,ecb_frankfurter
2024-11-21,EUR,1.052598,ecb_frankfurter
2024-11-21,CAD,0.716076,ecb_frankfurter
2024-11-22,USD,1.000000,ecb_frankfurter
2024-11-22,GBP,1.251361,ecb_frankfurter
2024-11-22,EUR,1.041200,ecb_frankfurter
2024-11-22,CAD,0.715052,ecb_frankfurter
2024-11-23,USD,1.000000,ecb_frankfurter
2024-11-23,GBP,1.251361,ecb_frankfurter
2024-11-23,EUR,1.041200,ecb_frankfurter
2024-11-23,CAD,0.715052,ecb_frankfurter
2024-11-24,USD,1.000000,ecb_frankfurter
2024-11-24,GBP,1.251361,ecb_frankfurter
2024-11-24,EUR,1.041200,ecb_frankfurter
2024-11-24,CAD,0.715052,ecb_frankfurter
2024-11-25,USD,1.000000,ecb_frankfurter
2024-11-25,GBP,1.257419,ecb_frankfurter
2024-11-25,EUR,1.049505,ecb_frankfurter
2024-11-25,CAD,0.716486,ecb_frankfurter
2024-11-26,USD,1.000000,ecb_frankfurter
2024-11-26,GBP,1.260414,ecb_frankfurter
2024-11-26,EUR,1.052200,ecb_frankfurter
2024-11-26,CAD,0.709371,ecb_frankfurter
2024-11-27,USD,1.000000,ecb_frankfurter
2024-11-27,GBP,1.262706,ecb_frankfurter
2024-11-27,EUR,1.053097,ecb_frankfurter
2024-11-27,CAD,0.711238,ecb_frankfurter
2024-11-28,USD,1.000000,ecb_frankfurter
2024-11-28,GBP,1.266608,ecb_frankfurter
2024-11-28,EUR,1.054196,ecb_frankfurter
2024-11-28,CAD,0.713725,ecb_frankfurter
2024-11-29,USD,1.000000,ecb_frankfurter
2024-11-29,GBP,1.269390,ecb_frankfurter
2024-11-29,EUR,1.056200,ecb_frankfurter
2024-11-29,CAD,0.713827,ecb_frankfurter
2024-11-30,USD,1.000000,ecb_frankfurter
2024-11-30,GBP,1.269390,ecb_frankfurter
2024-11-30,EUR,1.056200,ecb_frankfurter
2024-11-30,CAD,0.713827,ecb_frankfurter
2024-12-01,USD,1.000000,ecb_frankfurter
2024-12-01,GBP,1.269390,ecb_frankfurter
2024-12-01,EUR,1.056200,ecb_frankfurter
2024-12-01,CAD,0.713827,ecb_frankfurter
2024-12-02,USD,1.000000,ecb_frankfurter
2024-12-02,GBP,1.267459,ecb_frankfurter
2024-12-02,EUR,1.050696,ecb_frankfurter
2024-12-02,CAD,0.712454,ecb_frankfurter
2024-12-03,USD,1.000000,ecb_frankfurter
2024-12-03,GBP,1.264638,ecb_frankfurter
2024-12-03,EUR,1.051204,ecb_frankfurter
2024-12-03,CAD,0.712555,ecb_frankfurter
2024-12-04,USD,1.000000,ecb_frankfurter
2024-12-04,GBP,1.266689,ecb_frankfurter
2024-12-04,EUR,1.049197,ecb_frankfurter
2024-12-04,CAD,0.711086,ecb_frankfurter
2024-12-05,USD,1.000000,ecb_frankfurter
2024-12-05,GBP,1.272945,ecb_frankfurter
2024-12-05,EUR,1.053996,ecb_frankfurter
2024-12-05,CAD,0.711744,ecb_frankfurter
2024-12-06,USD,1.000000,ecb_frankfurter
2024-12-06,GBP,1.277058,ecb_frankfurter
2024-12-06,EUR,1.058100,ecb_frankfurter
2024-12-06,CAD,0.710985,ecb_frankfurter
2024-12-07,USD,1.000000,ecb_frankfurter
2024-12-07,GBP,1.277058,ecb_frankfurter
2024-12-07,EUR,1.058100,ecb_frankfurter
2024-12-07,CAD,0.710985,ecb_frankfurter
2024-12-08,USD,1.000000,ecb_frankfurter
2024-12-08,GBP,1.277058,ecb_frankfurter
2024-12-08,EUR,1.058100,ecb_frankfurter
2024-12-08,CAD,0.710985,ecb_frankfurter
2024-12-09,USD,1.000000,ecb_frankfurter
2024-12-09,GBP,1.276259,ecb_frankfurter
2024-12-09,EUR,1.056803,ecb_frankfurter
2024-12-09,CAD,0.708366,ecb_frankfurter
2024-12-10,USD,1.000000,ecb_frankfurter
2024-12-10,GBP,1.275152,ecb_frankfurter
2024-12-10,EUR,1.052698,ecb_frankfurter
2024-12-10,CAD,0.706115,ecb_frankfurter
2024-12-11,USD,1.000000,ecb_frankfurter
2024-12-11,GBP,1.274226,ecb_frankfurter
2024-12-11,EUR,1.050696,ecb_frankfurter
2024-12-11,CAD,0.704920,ecb_frankfurter
2024-12-12,USD,1.000000,ecb_frankfurter
2024-12-12,GBP,1.272750,ecb_frankfurter
2024-12-12,EUR,1.049098,ecb_frankfurter
2024-12-12,CAD,0.705766,ecb_frankfurter
2024-12-13,USD,1.000000,ecb_frankfurter
2024-12-13,GBP,1.266576,ecb_frankfurter
2024-12-13,EUR,1.051801,ecb_frankfurter
2024-12-13,CAD,0.703334,ecb_frankfurter
2024-12-14,USD,1.000000,ecb_frankfurter
2024-12-14,GBP,1.266576,ecb_frankfurter
2024-12-14,EUR,1.051801,ecb_frankfurter
2024-12-14,CAD,0.703334,ecb_frankfurter
2024-12-15,USD,1.000000,ecb_frankfurter
2024-12-15,GBP,1.266576,ecb_frankfurter
2024-12-15,EUR,1.051801,ecb_frankfurter
2024-12-15,CAD,0.703334,ecb_frankfurter
2024-12-16,USD,1.000000,ecb_frankfurter
2024-12-16,GBP,1.265663,ecb_frankfurter
2024-12-16,EUR,1.049803,ecb_frankfurter
2024-12-16,CAD,0.701804,ecb_frankfurter
2024-12-17,USD,1.000000,ecb_frankfurter
2024-12-17,GBP,1.270083,ecb_frankfurter
2024-12-17,EUR,1.049703,ecb_frankfurter
2024-12-17,CAD,0.700035,ecb_frankfurter
2024-12-18,USD,1.000000,ecb_frankfurter
2024-12-18,GBP,1.271941,ecb_frankfurter
2024-12-18,EUR,1.049604,ecb_frankfurter
2024-12-18,CAD,0.698714,ecb_frankfurter
2024-12-19,USD,1.000000,ecb_frankfurter
2024-12-19,GBP,1.260843,ecb_frankfurter
2024-12-19,EUR,1.039501,ecb_frankfurter
2024-12-19,CAD,0.696233,ecb_frankfurter
2024-12-20,USD,1.000000,ecb_frankfurter
2024-12-20,GBP,1.252332,ecb_frankfurter
2024-12-20,EUR,1.039004,ecb_frankfurter
2024-12-20,CAD,0.695169,ecb_frankfurter
2024-12-21,USD,1.000000,ecb_frankfurter
2024-12-21,GBP,1.252332,ecb_frankfurter
2024-12-21,EUR,1.039004,ecb_frankfurter
2024-12-21,CAD,0.695169,ecb_frankfurter
2024-12-22,USD,1.000000,ecb_frankfurter
2024-12-22,GBP,1.252332,ecb_frankfurter
2024-12-22,EUR,1.039004,ecb_frankfurter
2024-12-22,CAD,0.695169,ecb_frankfurter
2024-12-23,USD,1.000000,ecb_frankfurter
2024-12-23,GBP,1.252238,ecb_frankfurter
2024-12-23,EUR,1.039296,ecb_frankfurter
2024-12-23,CAD,0.693866,ecb_frankfurter
2024-12-24,USD,1.000000,ecb_frankfurter
2024-12-24,GBP,1.255367,ecb_frankfurter
2024-12-24,EUR,1.039501,ecb_frankfurter
2024-12-24,CAD,0.693577,ecb_frankfurter
2024-12-25,USD,1.000000,ecb_frankfurter
2024-12-25,GBP,1.255367,ecb_frankfurter
2024-12-25,EUR,1.039501,ecb_frankfurter
2024-12-25,CAD,0.693577,ecb_frankfurter
2024-12-26,USD,1.000000,ecb_frankfurter
2024-12-26,GBP,1.255367,ecb_frankfurter
2024-12-26,EUR,1.039501,ecb_frankfurter
2024-12-26,CAD,0.693577,ecb_frankfurter
2024-12-27,USD,1.000000,ecb_frankfurter
2024-12-27,GBP,1.255745,ecb_frankfurter
2024-12-27,EUR,1.043504,ecb_frankfurter
2024-12-27,CAD,0.695555,ecb_frankfurter
2024-12-28,USD,1.000000,ecb_frankfurter
2024-12-28,GBP,1.255745,ecb_frankfurter
2024-12-28,EUR,1.043504,ecb_frankfurter
2024-12-28,CAD,0.695555,ecb_frankfurter
2024-12-29,USD,1.000000,ecb_frankfurter
2024-12-29,GBP,1.255745,ecb_frankfurter
2024-12-29,EUR,1.043504,ecb_frankfurter
2024-12-29,CAD,0.695555,ecb_frankfurter
2024-12-30,USD,1.000000,ecb_frankfurter
2024-12-30,GBP,1.259065,ecb_frankfurter
2024-12-30,EUR,1.044397,ecb_frankfurter
2024-12-30,CAD,0.694637,ecb_frankfurter
2024-12-31,USD,1.000000,ecb_frankfurter
2024-12-31,GBP,1.252929,ecb_frankfurter
2024-12-31,EUR,1.038896,ecb_frankfurter
2024-12-31,CAD,0.695024,ecb_frankfurter
2025-01-01,USD,1.000000,ecb_frankfurter
2025-01-01,GBP,1.252929,ecb_frankfurter
2025-01-01,EUR,1.038896,ecb_frankfurter
2025-01-01,CAD,0.695024,ecb_frankfurter
2025-01-02,USD,1.000000,ecb_frankfurter
2025-01-02,GBP,1.241727,ecb_frankfurter
2025-01-02,EUR,1.032098,ecb_frankfurter
2025-01-02,CAD,0.693385,ecb_frankfurter
2025-01-03,USD,1.000000,ecb_frankfurter
2025-01-03,GBP,1.240941,ecb_frankfurter
2025-01-03,EUR,1.029898,ecb_frankfurter
2025-01-03,CAD,0.693914,ecb_frankfurter
2025-01-04,USD,1.000000,ecb_frankfurter
2025-01-04,GBP,1.240941,ecb_frankfurter
2025-01-04,EUR,1.029898,ecb_frankfurter
2025-01-04,CAD,0.693914,ecb_frankfurter
2025-01-05,USD,1.000000,ecb_frankfurter
2025-01-05,GBP,1.240941,ecb_frankfurter
2025-01-05,EUR,1.029898,ecb_frankfurter
2025-01-05,CAD,0.693914,ecb_frankfurter
2025-01-06,USD,1.000000,ecb_frankfurter
2025-01-06,GBP,1.254658,ecb_frankfurter
2025-01-06,EUR,1.042601,ecb_frankfurter
2025-01-06,CAD,0.699056,ecb_frankfurter
2025-01-07,USD,1.000000,ecb_frankfurter
2025-01-07,GBP,1.253447,ecb_frankfurter
2025-01-07,EUR,1.039296,ecb_frankfurter
2025-01-07,CAD,0.698568,ecb_frankfurter
2025-01-08,USD,1.000000,ecb_frankfurter
2025-01-08,GBP,1.233289,ecb_frankfurter
2025-01-08,EUR,1.028595,ecb_frankfurter
2025-01-08,CAD,0.694879,ecb_frankfurter
2025-01-09,USD,1.000000,ecb_frankfurter
2025-01-09,GBP,1.229589,ecb_frankfurter
2025-01-09,EUR,1.030503,ecb_frankfurter
2025-01-09,CAD,0.694830,ecb_frankfurter
2025-01-10,USD,1.000000,ecb_frankfurter
2025-01-10,GBP,1.231163,ecb_frankfurter
2025-01-10,EUR,1.030397,ecb_frankfurter
2025-01-10,CAD,0.694107,ecb_frankfurter
2025-01-11,USD,1.000000,ecb_frankfurter
2025-01-11,GBP,1.231163,ecb_frankfurter
2025-01-11,EUR,1.030397,ecb_frankfurter
2025-01-11,CAD,0.694107,ecb_frankfurter
2025-01-12,USD,1.000000,ecb_frankfurter
2025-01-12,GBP,1.231163,ecb_frankfurter
2025-01-12,EUR,1.030397,ecb_frankfurter
2025-01-12,CAD,0.694107,ecb_frankfurter
2025-01-13,USD,1.000000,ecb_frankfurter
2025-01-13,GBP,1.211739,ecb_frankfurter
2025-01-13,EUR,1.019805,ecb_frankfurter
2025-01-13,CAD,0.693770,ecb_frankfurter
2025-01-14,USD,1.000000,ecb_frankfurter
2025-01-14,GBP,1.215480,ecb_frankfurter
2025-01-14,EUR,1.024496,ecb_frankfurter
2025-01-14,CAD,0.694879,ecb_frankfurter
2025-01-15,USD,1.000000,ecb_frankfurter
2025-01-15,GBP,1.221643,ecb_frankfurter
2025-01-15,EUR,1.030004,ecb_frankfurter
2025-01-15,CAD,0.696718,ecb_frankfurter
2025-01-16,USD,1.000000,ecb_frankfurter
2025-01-16,GBP,1.219111,ecb_frankfurter
2025-01-16,EUR,1.027200,ecb_frankfurter
2025-01-16,CAD,0.695169,ecb_frankfurter
2025-01-17,USD,1.000000,ecb_frankfurter
2025-01-17,GBP,1.219378,ecb_frankfurter
2025-01-17,EUR,1.029802,ecb_frankfurter
2025-01-17,CAD,0.692809,ecb_frankfurter
2025-01-18,USD,1.000000,ecb_frankfurter
2025-01-18,GBP,1.219378,ecb_frankfurter
2025-01-18,EUR,1.029802,ecb_frankfurter
2025-01-18,CAD,0.692809,ecb_frankfurter
2025-01-19,USD,1.000000,ecb_frankfurter
2025-01-19,GBP,1.219378,ecb_frankfurter
2025-01-19,EUR,1.029802,ecb_frankfurter
2025-01-19,CAD,0.692809,ecb_frankfurter
2025-01-20,USD,1.000000,ecb_frankfurter
2025-01-20,GBP,1.219557,ecb_frankfurter
2025-01-20,EUR,1.031598,ecb_frankfurter
2025-01-20,CAD,0.691228,ecb_frankfurter
2025-01-21,USD,1.000000,ecb_frankfurter
2025-01-21,GBP,1.224905,ecb_frankfurter
2025-01-21,EUR,1.035701,ecb_frankfurter
2025-01-21,CAD,0.692185,ecb_frankfurter
2025-01-22,USD,1.000000,ecb_frankfurter
2025-01-22,GBP,1.236354,ecb_frankfurter
2025-01-22,EUR,1.044299,ecb_frankfurter
2025-01-22,CAD,0.697496,ecb_frankfurter
2025-01-23,USD,1.000000,ecb_frankfurter
2025-01-23,GBP,1.231709,ecb_frankfurter
2025-01-23,EUR,1.040399,ecb_frankfurter
2025-01-23,CAD,0.694348,ecb_frankfurter
2025-01-24,USD,1.000000,ecb_frankfurter
2025-01-24,GBP,1.240572,ecb_frankfurter
2025-01-24,EUR,1.047197,ecb_frankfurter
2025-01-24,CAD,0.697447,ecb_frankfurter
2025-01-25,USD,1.000000,ecb_frankfurter
2025-01-25,GBP,1.240572,ecb_frankfurter
2025-01-25,EUR,1.047197,ecb_frankfurter
2025-01-25,CAD,0.697447,ecb_frankfurter
2025-01-26,USD,1.000000,ecb_frankfurter
2025-01-26,GBP,1.240572,ecb_frankfurter
2025-01-26,EUR,1.047197,ecb_frankfurter
2025-01-26,CAD,0.697447,ecb_frankfurter
2025-01-27,USD,1.000000,ecb_frankfurter
2025-01-27,GBP,1.251988,ecb_frankfurter
2025-01-27,EUR,1.052997,ecb_frankfurter
2025-01-27,CAD,0.697545,ecb_frankfurter
2025-01-28,USD,1.000000,ecb_frankfurter
2025-01-28,GBP,1.242545,ecb_frankfurter
2025-01-28,EUR,1.042101,ecb_frankfurter
2025-01-28,CAD,0.693866,ecb_frankfurter
2025-01-29,USD,1.000000,ecb_frankfurter
2025-01-29,GBP,1.241712,ecb_frankfurter
2025-01-29,EUR,1.039598,ecb_frankfurter
2025-01-29,CAD,0.692569,ecb_frankfurter
2025-01-30,USD,1.000000,ecb_frankfurter
2025-01-30,GBP,1.243116,ecb_frankfurter
2025-01-30,EUR,1.040301,ecb_frankfurter
2025-01-30,CAD,0.693674,ecb_frankfurter
2025-01-31,USD,1.000000,ecb_frankfurter
2025-01-31,GBP,1.243070,ecb_frankfurter
2025-01-31,EUR,1.039296,ecb_frankfurter
2025-01-31,CAD,0.691276,ecb_frankfurter
2025-02-01,USD,1.000000,ecb_frankfurter
2025-02-01,GBP,1.243070,ecb_frankfurter
2025-02-01,EUR,1.039296,ecb_frankfurter
2025-02-01,CAD,0.691276,ecb_frankfurter
2025-02-02,USD,1.000000,ecb_frankfurter
2025-02-02,GBP,1.243070,ecb_frankfurter
2025-02-02,EUR,1.039296,ecb_frankfurter
2025-02-02,CAD,0.691276,ecb_frankfurter
2025-02-03,USD,1.000000,ecb_frankfurter
2025-02-03,GBP,1.235804,ecb_frankfurter
2025-02-03,EUR,1.027401,ecb_frankfurter
2025-02-03,CAD,0.682594,ecb_frankfurter
2025-02-04,USD,1.000000,ecb_frankfurter
2025-02-04,GBP,1.242359,ecb_frankfurter
2025-02-04,EUR,1.033496,ecb_frankfurter
2025-02-04,CAD,0.693914,ecb_frankfurter
2025-02-05,USD,1.000000,ecb_frankfurter
2025-02-05,GBP,1.254375,ecb_frankfurter
2025-02-05,EUR,1.042199,ecb_frankfurter
2025-02-05,CAD,0.700574,ecb_frankfurter
2025-02-06,USD,1.000000,ecb_frankfurter
2025-02-06,GBP,1.237930,ecb_frankfurter
2025-02-06,EUR,1.036001,ecb_frankfurter
2025-02-06,CAD,0.696961,ecb_frankfurter
2025-02-07,USD,1.000000,ecb_frankfurter
2025-02-07,GBP,1.244942,ecb_frankfurter
2025-02-07,EUR,1.037700,ecb_frankfurter
2025-02-07,CAD,0.697253,ecb_frankfurter
2025-02-08,USD,1.000000,ecb_frankfurter
2025-02-08,GBP,1.244942,ecb_frankfurter
2025-02-08,EUR,1.037700,ecb_frankfurter
2025-02-08,CAD,0.697253,ecb_frankfurter
2025-02-09,USD,1.000000,ecb_frankfurter
2025-02-09,GBP,1.244942,ecb_frankfurter
2025-02-09,EUR,1.037700,ecb_frankfurter
2025-02-09,CAD,0.697253,ecb_frankfurter
2025-02-10,USD,1.000000,ecb_frankfurter
2025-02-10,GBP,1.239142,ecb_frankfurter
2025-02-10,EUR,1.032002,ecb_frankfurter
2025-02-10,CAD,0.697399,ecb_frankfurter
2025-02-11,USD,1.000000,ecb_frankfurter
2025-02-11,GBP,1.238559,ecb_frankfurter
2025-02-11,EUR,1.032397,ecb_frankfurter
2025-02-11,CAD,0.698080,ecb_frankfurter
2025-02-12,USD,1.000000,ecb_frankfurter
2025-02-12,GBP,1.244323,ecb_frankfurter
2025-02-12,EUR,1.037000,ecb_frankfurter
2025-02-12,CAD,0.699252,ecb_frankfurter
2025-02-13,USD,1.000000,ecb_frankfurter
2025-02-13,GBP,1.247100,ecb_frankfurter
2025-02-13,EUR,1.039004,ecb_frankfurter
2025-02-13,CAD,0.699937,ecb_frankfurter
2025-02-14,USD,1.000000,ecb_frankfurter
2025-02-14,GBP,1.259145,ecb_frankfurter
2025-02-14,EUR,1.047801,ecb_frankfurter
2025-02-14,CAD,0.705318,ecb_frankfurter
2025-02-15,USD,1.000000,ecb_frankfurter
2025-02-15,GBP,1.259145,ecb_frankfurter
2025-02-15,EUR,1.047801,ecb_frankfurter
2025-02-15,CAD,0.705318,ecb_frankfurter
2025-02-16,USD,1.000000,ecb_frankfurter
2025-02-16,GBP,1.259145,ecb_frankfurter
2025-02-16,EUR,1.047801,ecb_frankfurter
2025-02-16,CAD,0.705318,ecb_frankfurter
2025-02-17,USD,1.000000,ecb_frankfurter
2025-02-17,GBP,1.259795,ecb_frankfurter
2025-02-17,EUR,1.047296,ecb_frankfurter
2025-02-17,CAD,0.704722,ecb_frankfurter
2025-02-18,USD,1.000000,ecb_frankfurter
2025-02-18,GBP,1.258289,ecb_frankfurter
2025-02-18,EUR,1.044703,ecb_frankfurter
2025-02-18,CAD,0.703779,ecb_frankfurter
2025-02-19,USD,1.000000,ecb_frankfurter
2025-02-19,GBP,1.259573,ecb_frankfurter
2025-02-19,EUR,1.043395,ecb_frankfurter
2025-02-19,CAD,0.703977,ecb_frankfurter
2025-02-20,USD,1.000000,ecb_frankfurter
2025-02-20,GBP,1.260875,ecb_frankfurter
2025-02-20,EUR,1.044299,ecb_frankfurter
2025-02-20,CAD,0.703680,ecb_frankfurter
2025-02-21,USD,1.000000,ecb_frankfurter
2025-02-21,GBP,1.264494,ecb_frankfurter
2025-02-21,EUR,1.046496,ecb_frankfurter
2025-02-21,CAD,0.704424,ecb_frankfurter
2025-02-22,USD,1.000000,ecb_frankfurter
2025-02-22,GBP,1.264494,ecb_frankfurter
2025-02-22,EUR,1.046496,ecb_frankfurter
2025-02-22,CAD,0.704424,ecb_frankfurter
2025-02-23,USD,1.000000,ecb_frankfurter
2025-02-23,GBP,1.264494,ecb_frankfurter
2025-02-23,EUR,1.046496,ecb_frankfurter
2025-02-23,CAD,0.704424,ecb_frankfurter
2025-02-24,USD,1.000000,ecb_frankfurter
2025-02-24,GBP,1.263552,ecb_frankfurter
2025-02-24,EUR,1.046605,ecb_frankfurter
2025-02-24,CAD,0.703532,ecb_frankfurter
2025-02-25,USD,1.000000,ecb_frankfurter
2025-02-25,GBP,1.266095,ecb_frankfurter
2025-02-25,EUR,1.049703,ecb_frankfurter
2025-02-25,CAD,0.701262,ecb_frankfurter
2025-02-26,USD,1.000000,ecb_frankfurter
2025-02-26,GBP,1.265502,ecb_frankfurter
2025-02-26,EUR,1.048702,ecb_frankfurter
2025-02-26,CAD,0.696621,ecb_frankfurter
2025-02-27,USD,1.000000,ecb_frankfurter
2025-02-27,GBP,1.267283,ecb_frankfurter
2025-02-27,EUR,1.047702,ecb_frankfurter
2025-02-27,CAD,0.696621,ecb_frankfurter
2025-02-28,USD,1.000000,ecb_frankfurter
2025-02-28,GBP,1.260287,ecb_frankfurter
2025-02-28,EUR,1.041103,ecb_frankfurter
2025-02-28,CAD,0.693193,ecb_frankfurter
2025-03-01,USD,1.000000,ecb_frankfurter
2025-03-01,GBP,1.260287,ecb_frankfurter
2025-03-01,EUR,1.041103,ecb_frankfurter
2025-03-01,CAD,0.693193,ecb_frankfurter
2025-03-02,USD,1.000000,ecb_frankfurter
2025-03-02,GBP,1.260287,ecb_frankfurter
2025-03-02,EUR,1.041103,ecb_frankfurter
2025-03-02,CAD,0.693193,ecb_frankfurter
2025-03-03,USD,1.000000,ecb_frankfurter
2025-03-03,GBP,1.268022,ecb_frankfurter
2025-03-03,EUR,1.046496,ecb_frankfurter
2025-03-03,CAD,0.692857,ecb_frankfurter
2025-03-04,USD,1.000000,ecb_frankfurter
2025-03-04,GBP,1.275185,ecb_frankfurter
2025-03-04,EUR,1.055699,ecb_frankfurter
2025-03-04,CAD,0.693433,ecb_frankfurter
2025-03-05,USD,1.000000,ecb_frankfurter
2025-03-05,GBP,1.280721,ecb_frankfurter
2025-03-05,EUR,1.069404,ecb_frankfurter
2025-03-05,CAD,0.694493,ecb_frankfurter
2025-03-06,USD,1.000000,ecb_frankfurter
2025-03-06,GBP,1.288461,ecb_frankfurter
2025-03-06,EUR,1.079599,ecb_frankfurter
2025-03-06,CAD,0.696088,ecb_frankfurter
2025-03-07,USD,1.000000,ecb_frankfurter
2025-03-07,GBP,1.291156,ecb_frankfurter
2025-03-07,EUR,1.085706,ecb_frankfurter
2025-03-07,CAD,0.697496,ecb_frankfurter
2025-03-08,USD,1.000000,ecb_frankfurter
2025-03-08,GBP,1.291156,ecb_frankfurter
2025-03-08,EUR,1.085706,ecb_frankfurter
2025-03-08,CAD,0.697496,ecb_frankfurter
2025-03-09,USD,1.000000,ecb_frankfurter
2025-03-09,GBP,1.291156,ecb_frankfurter
2025-03-09,EUR,1.085706,ecb_frankfurter
2025-03-09,CAD,0.697496,ecb_frankfurter
2025-03-10,USD,1.000000,ecb_frankfurter
2025-03-10,GBP,1.293393,ecb_frankfurter
2025-03-10,EUR,1.084505,ecb_frankfurter
2025-03-10,CAD,0.693337,ecb_frankfurter
2025-03-11,USD,1.000000,ecb_frankfurter
2025-03-11,GBP,1.293293,ecb_frankfurter
2025-03-11,EUR,1.091203,ecb_frankfurter
2025-03-11,CAD,0.693674,ecb_frankfurter
2025-03-12,USD,1.000000,ecb_frankfurter
2025-03-12,GBP,1.294750,ecb_frankfurter
2025-03-12,EUR,1.088601,ecb_frankfurter
2025-03-12,CAD,0.694107,ecb_frankfurter
2025-03-13,USD,1.000000,ecb_frankfurter
2025-03-13,GBP,1.292708,ecb_frankfurter
2025-03-13,EUR,1.083001,ecb_frankfurter
2025-03-13,CAD,0.694637,ecb_frankfurter
2025-03-14,USD,1.000000,ecb_frankfurter
2025-03-14,GBP,1.293494,ecb_frankfurter
2025-03-14,EUR,1.088898,ecb_frankfurter
2025-03-14,CAD,0.693963,ecb_frankfurter
2025-03-15,USD,1.000000,ecb_frankfurter
2025-03-15,GBP,1.293494,ecb_frankfurter
2025-03-15,EUR,1.088898,ecb_frankfurter
2025-03-15,CAD,0.693963,ecb_frankfurter
2025-03-16,USD,1.000000,ecb_frankfurter
2025-03-16,GBP,1.293494,ecb_frankfurter
2025-03-16,EUR,1.088898,ecb_frankfurter
2025-03-16,CAD,0.693963,ecb_frankfurter
2025-03-17,USD,1.000000,ecb_frankfurter
2025-03-17,GBP,1.297572,ecb_frankfurter
2025-03-17,EUR,1.090299,ecb_frankfurter
2025-03-17,CAD,0.697788,ecb_frankfurter
2025-03-18,USD,1.000000,ecb_frankfurter
2025-03-18,GBP,1.297084,ecb_frankfurter
2025-03-18,EUR,1.091798,ecb_frankfurter
2025-03-18,CAD,0.699937,ecb_frankfurter
2025-03-19,USD,1.000000,ecb_frankfurter
2025-03-19,GBP,1.296059,ecb_frankfurter
2025-03-19,EUR,1.089704,ecb_frankfurter
2025-03-19,CAD,0.698275,ecb_frankfurter
2025-03-20,USD,1.000000,ecb_frankfurter
2025-03-20,GBP,1.294415,ecb_frankfurter
2025-03-20,EUR,1.083295,ecb_frankfurter
2025-03-20,CAD,0.694782,ecb_frankfurter
2025-03-21,USD,1.000000,ecb_frankfurter
2025-03-21,GBP,1.292541,ecb_frankfurter
2025-03-21,EUR,1.082696,ecb_frankfurter
2025-03-21,CAD,0.696233,ecb_frankfurter
2025-03-22,USD,1.000000,ecb_frankfurter
2025-03-22,GBP,1.292541,ecb_frankfurter
2025-03-22,EUR,1.082696,ecb_frankfurter
2025-03-22,CAD,0.696233,ecb_frankfurter
2025-03-23,USD,1.000000,ecb_frankfurter
2025-03-23,GBP,1.292541,ecb_frankfurter
2025-03-23,EUR,1.082696,ecb_frankfurter
2025-03-23,CAD,0.696233,ecb_frankfurter
2025-03-24,USD,1.000000,ecb_frankfurter
2025-03-24,GBP,1.293761,ecb_frankfurter
2025-03-24,EUR,1.082403,ecb_frankfurter
2025-03-24,CAD,0.697399,ecb_frankfurter
2025-03-25,USD,1.000000,ecb_frankfurter
2025-03-25,GBP,1.295404,ecb_frankfurter
2025-03-25,EUR,1.082497,ecb_frankfurter
2025-03-25,CAD,0.700231,ecb_frankfurter
2025-03-26,USD,1.000000,ecb_frankfurter
2025-03-26,GBP,1.290073,ecb_frankfurter
2025-03-26,EUR,1.078795,ecb_frankfurter
2025-03-26,CAD,0.701115,ecb_frankfurter
2025-03-27,USD,1.000000,ecb_frankfurter
2025-03-27,GBP,1.294431,ecb_frankfurter
2025-03-27,EUR,1.078504,ecb_frankfurter
2025-03-27,CAD,0.699203,ecb_frankfurter
2025-03-28,USD,1.000000,ecb_frankfurter
2025-03-28,GBP,1.295253,ecb_frankfurter
2025-03-28,EUR,1.079704,ecb_frankfurter
2025-03-28,CAD,0.699105,ecb_frankfurter
2025-03-29,USD,1.000000,ecb_frankfurter
2025-03-29,GBP,1.295253,ecb_frankfurter
2025-03-29,EUR,1.079704,ecb_frankfurter
2025-03-29,CAD,0.699105,ecb_frankfurter
2025-03-30,USD,1.000000,ecb_frankfurter
2025-03-30,GBP,1.295253,ecb_frankfurter
2025-03-30,EUR,1.079704,ecb_frankfurter
2025-03-30,CAD,0.699105,ecb_frankfurter
2025-03-31,USD,1.000000,ecb_frankfurter
2025-03-31,GBP,1.294649,ecb_frankfurter
2025-03-31,EUR,1.081502,ecb_frankfurter
2025-03-31,CAD,0.696282,ecb_frankfurter
2025-04-01,USD,1.000000,ecb_frankfurter
2025-04-01,GBP,1.289424,ecb_frankfurter
2025-04-01,EUR,1.078795,ecb_frankfurter
2025-04-01,CAD,0.694686,ecb_frankfurter
2025-04-02,USD,1.000000,ecb_frankfurter
2025-04-02,GBP,1.294465,ecb_frankfurter
2025-04-02,EUR,1.080299,ecb_frankfurter
2025-04-02,CAD,0.697934,ecb_frankfurter
2025-04-03,USD,1.000000,ecb_frankfurter
2025-04-03,GBP,1.318513,ecb_frankfurter
2025-04-03,EUR,1.109705,ecb_frankfurter
2025-04-03,CAD,0.709723,ecb_frankfurter
2025-04-04,USD,1.000000,ecb_frankfurter
2025-04-04,GBP,1.301050,ecb_frankfurter
2025-04-04,EUR,1.105705,ecb_frankfurter
2025-04-04,CAD,0.704424,ecb_frankfurter
2025-04-05,USD,1.000000,ecb_frankfurter
2025-04-05,GBP,1.301050,ecb_frankfurter
2025-04-05,EUR,1.105705,ecb_frankfurter
2025-04-05,CAD,0.704424,ecb_frankfurter
2025-04-06,USD,1.000000,ecb_frankfurter
2025-04-06,GBP,1.301050,ecb_frankfurter
2025-04-06,EUR,1.105705,ecb_frankfurter
2025-04-06,CAD,0.704424,ecb_frankfurter
2025-04-07,USD,1.000000,ecb_frankfurter
2025-04-07,GBP,1.281378,ecb_frankfurter
2025-04-07,EUR,1.096696,ecb_frankfurter
2025-04-07,CAD,0.700476,ecb_frankfurter
2025-04-08,USD,1.000000,ecb_frankfurter
2025-04-08,GBP,1.278543,ecb_frankfurter
2025-04-08,EUR,1.095002,ecb_frankfurter
2025-04-08,CAD,0.705916,ecb_frankfurter
2025-04-09,USD,1.000000,ecb_frankfurter
2025-04-09,GBP,1.277841,ecb_frankfurter
2025-04-09,EUR,1.104496,ecb_frankfurter
2025-04-09,CAD,0.704821,ecb_frankfurter
2025-04-10,USD,1.000000,ecb_frankfurter
2025-04-10,GBP,1.292290,ecb_frankfurter
2025-04-10,EUR,1.108205,ecb_frankfurter
2025-04-10,CAD,0.710076,ecb_frankfurter
2025-04-11,USD,1.000000,ecb_frankfurter
2025-04-11,GBP,1.308986,ecb_frankfurter
2025-04-11,EUR,1.134597,ecb_frankfurter
2025-04-11,CAD,0.721033,ecb_frankfurter
2025-04-12,USD,1.000000,ecb_frankfurter
2025-04-12,GBP,1.308986,ecb_frankfurter
2025-04-12,EUR,1.134597,ecb_frankfurter
2025-04-12,CAD,0.721033,ecb_frankfurter
2025-04-13,USD,1.000000,ecb_frankfurter
2025-04-13,GBP,1.308986,ecb_frankfurter
2025-04-13,EUR,1.134597,ecb_frankfurter
2025-04-13,CAD,0.721033,ecb_frankfurter
2025-04-14,USD,1.000000,ecb_frankfurter
2025-04-14,GBP,1.317037,ecb_frankfurter
2025-04-14,EUR,1.137695,ecb_frankfurter
2025-04-14,CAD,0.720721,ecb_frankfurter
2025-04-15,USD,1.000000,ecb_frankfurter
2025-04-15,GBP,1.323364,ecb_frankfurter
2025-04-15,EUR,1.132400,ecb_frankfurter
2025-04-15,CAD,0.720773,ecb_frankfurter
2025-04-16,USD,1.000000,ecb_frankfurter
2025-04-16,GBP,1.326242,ecb_frankfurter
2025-04-16,EUR,1.135499,ecb_frankfurter
2025-04-16,CAD,0.718339,ecb_frankfurter
2025-04-17,USD,1.000000,ecb_frankfurter
2025-04-17,GBP,1.322891,ecb_frankfurter
2025-04-17,EUR,1.136002,ecb_frankfurter
2025-04-17,CAD,0.720202,ecb_frankfurter
2025-04-18,USD,1.000000,ecb_frankfurter
2025-04-18,GBP,1.322891,ecb_frankfurter
2025-04-18,EUR,1.136002,ecb_frankfurter
2025-04-18,CAD,0.720202,ecb_frankfurter
2025-04-19,USD,1.000000,ecb_frankfurter
2025-04-19,GBP,1.322891,ecb_frankfurter
2025-04-19,EUR,1.136002,ecb_frankfurter
2025-04-19,CAD,0.720202,ecb_frankfurter
2025-04-20,USD,1.000000,ecb_frankfurter
2025-04-20,GBP,1.322891,ecb_frankfurter
2025-04-20,EUR,1.136002,ecb_frankfurter
2025-04-20,CAD,0.720202,ecb_frankfurter
2025-04-21,USD,1.000000,ecb_frankfurter
2025-04-21,GBP,1.322891,ecb_frankfurter
2025-04-21,EUR,1.136002,ecb_frankfurter
2025-04-21,CAD,0.720202,ecb_frankfurter
2025-04-22,USD,1.000000,ecb_frankfurter
2025-04-22,GBP,1.336630,ecb_frankfurter
2025-04-22,EUR,1.147605,ecb_frankfurter
2025-04-22,CAD,0.722178,ecb_frankfurter
2025-04-23,USD,1.000000,ecb_frankfurter
2025-04-23,GBP,1.330530,ecb_frankfurter
2025-04-23,EUR,1.141500,ecb_frankfurter
2025-04-23,CAD,0.722961,ecb_frankfurter
2025-04-24,USD,1.000000,ecb_frankfurter
2025-04-24,GBP,1.330530,ecb_frankfurter
2025-04-24,EUR,1.137605,ecb_frankfurter
2025-04-24,CAD,0.721397,ecb_frankfurter
2025-04-25,USD,1.000000,ecb_frankfurter
2025-04-25,GBP,1.331257,ecb_frankfurter
2025-04-25,EUR,1.135705,ecb_frankfurter
2025-04-25,CAD,0.720877,ecb_frankfurter
2025-04-26,USD,1.000000,ecb_frankfurter
2025-04-26,GBP,1.331257,ecb_frankfurter
2025-04-26,EUR,1.135705,ecb_frankfurter
2025-04-26,CAD,0.720877,ecb_frankfurter
2025-04-27,USD,1.000000,ecb_frankfurter
2025-04-27,GBP,1.331257,ecb_frankfurter
2025-04-27,EUR,1.135705,ecb_frankfurter
2025-04-27,CAD,0.720877,ecb_frankfurter
2025-04-28,USD,1.000000,ecb_frankfurter
2025-04-28,GBP,1.334045,ecb_frankfurter
2025-04-28,EUR,1.135796,ecb_frankfurter
2025-04-28,CAD,0.721397,ecb_frankfurter
2025-04-29,USD,1.000000,ecb_frankfurter
2025-04-29,GBP,1.338312,ecb_frankfurter
2025-04-29,EUR,1.137294,ecb_frankfurter
2025-04-29,CAD,0.722282,ecb_frankfurter
2025-04-30,USD,1.000000,ecb_frankfurter
2025-04-30,GBP,1.335167,ecb_frankfurter
2025-04-30,EUR,1.137294,ecb_frankfurter
2025-04-30,CAD,0.723118,ecb_frankfurter
2025-05-01,USD,1.000000,ecb_frankfurter
2025-05-01,GBP,1.335167,ecb_frankfurter
2025-05-01,EUR,1.137294,ecb_frankfurter
2025-05-01,CAD,0.723118,ecb_frankfurter
2025-05-02,USD,1.000000,ecb_frankfurter
2025-05-02,GBP,1.329310,ecb_frankfurter
2025-05-02,EUR,1.134301,ecb_frankfurter
2025-05-02,CAD,0.723641,ecb_frankfurter
2025-05-03,USD,1.000000,ecb_frankfurter
2025-05-03,GBP,1.329310,ecb_frankfurter
2025-05-03,EUR,1.134301,ecb_frankfurter
2025-05-03,CAD,0.723641,ecb_frankfurter
2025-05-04,USD,1.000000,ecb_frankfurter
2025-05-04,GBP,1.329310,ecb_frankfurter
2025-05-04,EUR,1.134301,ecb_frankfurter
2025-05-04,CAD,0.723641,ecb_frankfurter
2025-05-05,USD,1.000000,ecb_frankfurter
2025-05-05,GBP,1.332126,ecb_frankfurter
2025-05-05,EUR,1.134301,ecb_frankfurter
2025-05-05,CAD,0.724323,ecb_frankfurter
2025-05-06,USD,1.000000,ecb_frankfurter
2025-05-06,GBP,1.337238,ecb_frankfurter
2025-05-06,EUR,1.132503,ecb_frankfurter
2025-05-06,CAD,0.724638,ecb_frankfurter
2025-05-07,USD,1.000000,ecb_frankfurter
2025-05-07,GBP,1.334739,ecb_frankfurter
2025-05-07,EUR,1.136002,ecb_frankfurter
2025-05-07,CAD,0.724795,ecb_frankfurter
2025-05-08,USD,1.000000,ecb_frankfurter
2025-05-08,GBP,1.332818,ecb_frankfurter
2025-05-08,EUR,1.129701,ecb_frankfurter
2025-05-08,CAD,0.719839,ecb_frankfurter
2025-05-09,USD,1.000000,ecb_frankfurter
2025-05-09,GBP,1.327351,ecb_frankfurter
2025-05-09,EUR,1.125201,ecb_frankfurter
2025-05-09,CAD,0.718597,ecb_frankfurter
2025-05-10,USD,1.000000,ecb_frankfurter
2025-05-10,GBP,1.327351,ecb_frankfurter
2025-05-10,EUR,1.125201,ecb_frankfurter
2025-05-10,CAD,0.718597,ecb_frankfurter
2025-05-11,USD,1.000000,ecb_frankfurter
2025-05-11,GBP,1.327351,ecb_frankfurter
2025-05-11,EUR,1.125201,ecb_frankfurter
2025-05-11,CAD,0.718597,ecb_frankfurter
2025-05-12,USD,1.000000,ecb_frankfurter
2025-05-12,GBP,1.317592,ecb_frankfurter
2025-05-12,EUR,1.110605,ecb_frankfurter
2025-05-12,CAD,0.715103,ecb_frankfurter
2025-05-13,USD,1.000000,ecb_frankfurter
2025-05-13,GBP,1.321912,ecb_frankfurter
2025-05-13,EUR,1.111198,ecb_frankfurter
2025-05-13,CAD,0.714490,ecb_frankfurter
2025-05-14,USD,1.000000,ecb_frankfurter
2025-05-14,GBP,1.332623,ecb_frankfurter
2025-05-14,EUR,1.121403,ecb_frankfurter
2025-05-14,CAD,0.717360,ecb_frankfurter
2025-05-15,USD,1.000000,ecb_frankfurter
2025-05-15,GBP,1.327757,ecb_frankfurter
2025-05-15,EUR,1.118506,ecb_frankfurter
2025-05-15,CAD,0.714950,ecb_frankfurter
2025-05-16,USD,1.000000,ecb_frankfurter
2025-05-16,GBP,1.328356,ecb_frankfurter
2025-05-16,EUR,1.119395,ecb_frankfurter
2025-05-16,CAD,0.715717,ecb_frankfurter
2025-05-17,USD,1.000000,ecb_frankfurter
2025-05-17,GBP,1.328356,ecb_frankfurter
2025-05-17,EUR,1.119395,ecb_frankfurter
2025-05-17,CAD,0.715717,ecb_frankfurter
2025-05-18,USD,1.000000,ecb_frankfurter
2025-05-18,GBP,1.328356,ecb_frankfurter
2025-05-18,EUR,1.119395,ecb_frankfurter
2025-05-18,CAD,0.715717,ecb_frankfurter
2025-05-19,USD,1.000000,ecb_frankfurter
2025-05-19,GBP,1.337685,ecb_frankfurter
2025-05-19,EUR,1.126202,ecb_frankfurter
2025-05-19,CAD,0.717000,ecb_frankfurter
2025-05-20,USD,1.000000,ecb_frankfurter
2025-05-20,GBP,1.335345,ecb_frankfurter
2025-05-20,EUR,1.124101,ecb_frankfurter
2025-05-20,CAD,0.716743,ecb_frankfurter
2025-05-21,USD,1.000000,ecb_frankfurter
2025-05-21,GBP,1.340393,ecb_frankfurter
2025-05-21,EUR,1.132105,ecb_frankfurter
2025-05-21,CAD,0.720098,ecb_frankfurter
2025-05-22,USD,1.000000,ecb_frankfurter
2025-05-22,GBP,1.341994,ecb_frankfurter
2025-05-22,EUR,1.130902,ecb_frankfurter
2025-05-22,CAD,0.721241,ecb_frankfurter
2025-05-23,USD,1.000000,ecb_frankfurter
2025-05-23,GBP,1.348254,ecb_frankfurter
2025-05-23,EUR,1.130097,ecb_frankfurter
2025-05-23,CAD,0.723014,ecb_frankfurter
2025-05-24,USD,1.000000,ecb_frankfurter
2025-05-24,GBP,1.348254,ecb_frankfurter
2025-05-24,EUR,1.130097,ecb_frankfurter
2025-05-24,CAD,0.723014,ecb_frankfurter
2025-05-25,USD,1.000000,ecb_frankfurter
2025-05-25,GBP,1.348254,ecb_frankfurter
2025-05-25,EUR,1.130097,ecb_frankfurter
2025-05-25,CAD,0.723014,ecb_frankfurter
2025-05-26,USD,1.000000,ecb_frankfurter
2025-05-26,GBP,1.356171,ecb_frankfurter
2025-05-26,EUR,1.138097,ecb_frankfurter
2025-05-26,CAD,0.728916,ecb_frankfurter
2025-05-27,USD,1.000000,ecb_frankfurter
2025-05-27,GBP,1.354977,ecb_frankfurter
2025-05-27,EUR,1.135602,ecb_frankfurter
2025-05-27,CAD,0.726006,ecb_frankfurter
2025-05-28,USD,1.000000,ecb_frankfurter
2025-05-28,GBP,1.347582,ecb_frankfurter
2025-05-28,EUR,1.131695,ecb_frankfurter
2025-05-28,CAD,0.723170,ecb_frankfurter
2025-05-29,USD,1.000000,ecb_frankfurter
2025-05-29,GBP,1.346656,ecb_frankfurter
2025-05-29,EUR,1.128095,ecb_frankfurter
2025-05-29,CAD,0.723432,ecb_frankfurter
2025-05-30,USD,1.000000,ecb_frankfurter
2025-05-30,GBP,1.347963,ecb_frankfurter
2025-05-30,EUR,1.133903,ecb_frankfurter
2025-05-30,CAD,0.724270,ecb_frankfurter
2025-05-31,USD,1.000000,ecb_frankfurter
2025-05-31,GBP,1.347963,ecb_frankfurter
2025-05-31,EUR,1.133903,ecb_frankfurter
2025-05-31,CAD,0.724270,ecb_frankfurter
2025-06-01,USD,1.000000,ecb_frankfurter
2025-06-01,GBP,1.347963,ecb_frankfurter
2025-06-01,EUR,1.133903,ecb_frankfurter
2025-06-01,CAD,0.724270,ecb_frankfurter
2025-06-02,USD,1.000000,ecb_frankfurter
2025-06-02,GBP,1.353931,ecb_frankfurter
2025-06-02,EUR,1.141904,ecb_frankfurter
2025-06-02,CAD,0.729980,ecb_frankfurter
2025-06-03,USD,1.000000,ecb_frankfurter
2025-06-03,GBP,1.349692,ecb_frankfurter
2025-06-03,EUR,1.138602,ecb_frankfurter
2025-06-03,CAD,0.727855,ecb_frankfurter
2025-06-04,USD,1.000000,ecb_frankfurter
2025-06-04,GBP,1.351863,ecb_frankfurter
2025-06-04,EUR,1.138395,ecb_frankfurter
2025-06-04,CAD,0.729714,ecb_frankfurter
2025-06-05,USD,1.000000,ecb_frankfurter
2025-06-05,GBP,1.356815,ecb_frankfurter
2025-06-05,EUR,1.142296,ecb_frankfurter
2025-06-05,CAD,0.732118,ecb_frankfurter
2025-06-06,USD,1.000000,ecb_frankfurter
2025-06-06,GBP,1.354261,ecb_frankfurter
2025-06-06,EUR,1.141097,ecb_frankfurter
2025-06-06,CAD,0.730087,ecb_frankfurter
2025-06-07,USD,1.000000,ecb_frankfurter
2025-06-07,GBP,1.354261,ecb_frankfurter
2025-06-07,EUR,1.141097,ecb_frankfurter
2025-06-07,CAD,0.730087,ecb_frankfurter
2025-06-08,USD,1.000000,ecb_frankfurter
2025-06-08,GBP,1.354261,ecb_frankfurter
2025-06-08,EUR,1.141097,ecb_frankfurter
2025-06-08,CAD,0.730087,ecb_frankfurter
2025-06-09,USD,1.000000,ecb_frankfurter
2025-06-09,GBP,1.354463,ecb_frankfurter
2025-06-09,EUR,1.141005,ecb_frankfurter
2025-06-09,CAD,0.730727,ecb_frankfurter
2025-06-10,USD,1.000000,ecb_frankfurter
2025-06-10,GBP,1.350311,ecb_frankfurter
2025-06-10,EUR,1.142896,ecb_frankfurter
2025-06-10,CAD,0.730407,ecb_frankfurter
2025-06-11,USD,1.000000,ecb_frankfurter
2025-06-11,GBP,1.348872,ecb_frankfurter
2025-06-11,EUR,1.143301,ecb_frankfurter
2025-06-11,CAD,0.730674,ecb_frankfurter
2025-06-12,USD,1.000000,ecb_frankfurter
2025-06-12,GBP,1.357921,ecb_frankfurter
2025-06-12,EUR,1.159393,ecb_frankfurter
2025-06-12,CAD,0.733460,ecb_frankfurter
2025-06-13,USD,1.000000,ecb_frankfurter
2025-06-13,GBP,1.353565,ecb_frankfurter
2025-06-13,EUR,1.151198,ecb_frankfurter
2025-06-13,CAD,0.733730,ecb_frankfurter
2025-06-14,USD,1.000000,ecb_frankfurter
2025-06-14,GBP,1.353565,ecb_frankfurter
2025-06-14,EUR,1.151198,ecb_frankfurter
2025-06-14,CAD,0.733730,ecb_frankfurter
2025-06-15,USD,1.000000,ecb_frankfurter
2025-06-15,GBP,1.353565,ecb_frankfurter
2025-06-15,EUR,1.151198,ecb_frankfurter
2025-06-15,CAD,0.733730,ecb_frankfurter
2025-06-16,USD,1.000000,ecb_frankfurter
2025-06-16,GBP,1.357976,ecb_frankfurter
2025-06-16,EUR,1.157394,ecb_frankfurter
2025-06-16,CAD,0.737137,ecb_frankfurter
2025-06-17,USD,1.000000,ecb_frankfurter
2025-06-17,GBP,1.356944,ecb_frankfurter
2025-06-17,EUR,1.156805,ecb_frankfurter
2025-06-17,CAD,0.737354,ecb_frankfurter
2025-06-18,USD,1.000000,ecb_frankfurter
2025-06-18,GBP,1.345641,ecb_frankfurter
2025-06-18,EUR,1.150801,ecb_frankfurter
2025-06-18,CAD,0.732332,ecb_frankfurter
2025-06-19,USD,1.000000,ecb_frankfurter
2025-06-19,GBP,1.343869,ecb_frankfurter
2025-06-19,EUR,1.147803,ecb_frankfurter
2025-06-19,CAD,0.729448,ecb_frankfurter
2025-06-20,USD,1.000000,ecb_frankfurter
2025-06-20,GBP,1.348836,ecb_frankfurter
2025-06-20,EUR,1.151503,ecb_frankfurter
2025-06-20,CAD,0.729129,ecb_frankfurter
2025-06-21,USD,1.000000,ecb_frankfurter
2025-06-21,GBP,1.348836,ecb_frankfurter
2025-06-21,EUR,1.151503,ecb_frankfurter
2025-06-21,CAD,0.729129,ecb_frankfurter
2025-06-22,USD,1.000000,ecb_frankfurter
2025-06-22,GBP,1.348836,ecb_frankfurter
2025-06-22,EUR,1.151503,ecb_frankfurter
2025-06-22,CAD,0.729129,ecb_frankfurter
2025-06-23,USD,1.000000,ecb_frankfurter
2025-06-23,GBP,1.339100,ecb_frankfurter
2025-06-23,EUR,1.147197,ecb_frankfurter
2025-06-23,CAD,0.725268,ecb_frankfurter
2025-06-24,USD,1.000000,ecb_frankfurter
2025-06-24,GBP,1.361211,ecb_frankfurter
2025-06-24,EUR,1.160699,ecb_frankfurter
2025-06-24,CAD,0.729288,ecb_frankfurter
2025-06-25,USD,1.000000,ecb_frankfurter
2025-06-25,GBP,1.360304,ecb_frankfurter
2025-06-25,EUR,1.159797,ecb_frankfurter
2025-06-25,CAD,0.728173,ecb_frankfurter
2025-06-26,USD,1.000000,ecb_frankfurter
2025-06-26,GBP,1.370238,ecb_frankfurter
2025-06-26,EUR,1.169495,ecb_frankfurter
2025-06-26,CAD,0.730567,ecb_frankfurter
2025-06-27,USD,1.000000,ecb_frankfurter
2025-06-27,GBP,1.372250,ecb_frankfurter
2025-06-27,EUR,1.170398,ecb_frankfurter
2025-06-27,CAD,0.732547,ecb_frankfurter
2025-06-28,USD,1.000000,ecb_frankfurter
2025-06-28,GBP,1.372250,ecb_frankfurter
2025-06-28,EUR,1.170398,ecb_frankfurter
2025-06-28,CAD,0.732547,ecb_frankfurter
2025-06-29,USD,1.000000,ecb_frankfurter
2025-06-29,GBP,1.372250,ecb_frankfurter
2025-06-29,EUR,1.170398,ecb_frankfurter
2025-06-29,CAD,0.732547,ecb_frankfurter
2025-06-30,USD,1.000000,ecb_frankfurter
2025-06-30,GBP,1.369957,ecb_frankfurter
2025-06-30,EUR,1.172003,ecb_frankfurter
2025-06-30,CAD,0.731261,ecb_frankfurter
2025-07-01,USD,1.000000,ecb_frankfurter
2025-07-01,GBP,1.375175,ecb_frankfurter
2025-07-01,EUR,1.181000,ecb_frankfurter
2025-07-01,CAD,0.734646,ecb_frankfurter
2025-07-02,USD,1.000000,ecb_frankfurter
2025-07-02,GBP,1.366064,ecb_frankfurter
2025-07-02,EUR,1.175503,ecb_frankfurter
2025-07-02,CAD,0.732815,ecb_frankfurter
2025-07-03,USD,1.000000,ecb_frankfurter
2025-07-03,GBP,1.365393,ecb_frankfurter
2025-07-03,EUR,1.178203,ecb_frankfurter
2025-07-03,CAD,0.735889,ecb_frankfurter
2025-07-04,USD,1.000000,ecb_frankfurter
2025-07-04,GBP,1.364294,ecb_frankfurter
2025-07-04,EUR,1.176706,ecb_frankfurter
2025-07-04,CAD,0.735673,ecb_frankfurter
2025-07-05,USD,1.000000,ecb_frankfurter
2025-07-05,GBP,1.364294,ecb_frankfurter
2025-07-05,EUR,1.176706,ecb_frankfurter
2025-07-05,CAD,0.735673,ecb_frankfurter
2025-07-06,USD,1.000000,ecb_frankfurter
2025-07-06,GBP,1.364294,ecb_frankfurter
2025-07-06,EUR,1.176706,ecb_frankfurter
2025-07-06,CAD,0.735673,ecb_frankfurter
2025-07-07,USD,1.000000,ecb_frankfurter
2025-07-07,GBP,1.361971,ecb_frankfurter
2025-07-07,EUR,1.172800,ecb_frankfurter
2025-07-07,CAD,0.732279,ecb_frankfurter
2025-07-08,USD,1.000000,ecb_frankfurter
2025-07-08,GBP,1.357515,ecb_frankfurter
2025-07-08,EUR,1.171797,ecb_frankfurter
2025-07-08,CAD,0.732118,ecb_frankfurter
2025-07-09,USD,1.000000,ecb_frankfurter
2025-07-09,GBP,1.358179,ecb_frankfurter
2025-07-09,EUR,1.169796,ecb_frankfurter
2025-07-09,CAD,0.729767,ecb_frankfurter
2025-07-10,USD,1.000000,ecb_frankfurter
2025-07-10,GBP,1.357257,ecb_frankfurter
2025-07-10,EUR,1.170905,ecb_frankfurter
2025-07-10,CAD,0.730514,ecb_frankfurter
2025-07-11,USD,1.000000,ecb_frankfurter
2025-07-11,GBP,1.349546,ecb_frankfurter
2025-07-11,EUR,1.168306,ecb_frankfurter
2025-07-11,CAD,0.729874,ecb_frankfurter
2025-07-12,USD,1.000000,ecb_frankfurter
2025-07-12,GBP,1.349546,ecb_frankfurter
2025-07-12,EUR,1.168306,ecb_frankfurter
2025-07-12,CAD,0.729874,ecb_frankfurter
2025-07-13,USD,1.000000,ecb_frankfurter
2025-07-13,GBP,1.349546,ecb_frankfurter
2025-07-13,EUR,1.168306,ecb_frankfurter
2025-07-13,CAD,0.729874,ecb_frankfurter
2025-07-14,USD,1.000000,ecb_frankfurter
2025-07-14,GBP,1.348800,ecb_frankfurter
2025-07-14,EUR,1.169003,ecb_frankfurter
2025-07-14,CAD,0.731368,ecb_frankfurter
2025-07-15,USD,1.000000,ecb_frankfurter
2025-07-15,GBP,1.344050,ecb_frankfurter
2025-07-15,EUR,1.166494,ecb_frankfurter
2025-07-15,CAD,0.730300,ecb_frankfurter
2025-07-16,USD,1.000000,ecb_frankfurter
2025-07-16,GBP,1.339872,ecb_frankfurter
2025-07-16,EUR,1.160200,ecb_frankfurter
2025-07-16,CAD,0.728597,ecb_frankfurter
2025-07-17,USD,1.000000,ecb_frankfurter
2025-07-17,GBP,1.339549,ecb_frankfurter
2025-07-17,EUR,1.157903,ecb_frankfurter
2025-07-17,CAD,0.726533,ecb_frankfurter
2025-07-18,USD,1.000000,ecb_frankfurter
2025-07-18,GBP,1.345895,ecb_frankfurter
2025-07-18,EUR,1.164999,ecb_frankfurter
2025-07-18,CAD,0.728863,ecb_frankfurter
2025-07-19,USD,1.000000,ecb_frankfurter
2025-07-19,GBP,1.345895,ecb_frankfurter
2025-07-19,EUR,1.164999,ecb_frankfurter
2025-07-19,CAD,0.728863,ecb_frankfurter
2025-07-20,USD,1.000000,ecb_frankfurter
2025-07-20,GBP,1.345895,ecb_frankfurter
2025-07-20,EUR,1.164999,ecb_frankfurter
2025-07-20,CAD,0.728863,ecb_frankfurter
2025-07-21,USD,1.000000,ecb_frankfurter
2025-07-21,GBP,1.347854,ecb_frankfurter
2025-07-21,EUR,1.166698,ecb_frankfurter
2025-07-21,CAD,0.729661,ecb_frankfurter
2025-07-22,USD,1.000000,ecb_frankfurter
2025-07-22,GBP,1.348581,ecb_frankfurter
2025-07-22,EUR,1.169905,ecb_frankfurter
2025-07-22,CAD,0.731529,ecb_frankfurter
2025-07-23,USD,1.000000,ecb_frankfurter
2025-07-23,GBP,1.353253,ecb_frankfurter
2025-07-23,EUR,1.172594,ecb_frankfurter
2025-07-23,CAD,0.736214,ecb_frankfurter
2025-07-24,USD,1.000000,ecb_frankfurter
2025-07-24,GBP,1.355160,ecb_frankfurter
2025-07-24,EUR,1.175599,ecb_frankfurter
2025-07-24,CAD,0.734322,ecb_frankfurter
2025-07-25,USD,1.000000,ecb_frankfurter
2025-07-25,GBP,1.345261,ecb_frankfurter
2025-07-25,EUR,1.172402,ecb_frankfurter
2025-07-25,CAD,0.731154,ecb_frankfurter
2025-07-26,USD,1.000000,ecb_frankfurter
2025-07-26,GBP,1.345261,ecb_frankfurter
2025-07-26,EUR,1.172402,ecb_frankfurter
2025-07-26,CAD,0.731154,ecb_frankfurter
2025-07-27,USD,1.000000,ecb_frankfurter
2025-07-27,GBP,1.345261,ecb_frankfurter
2025-07-27,EUR,1.172402,ecb_frankfurter
2025-07-27,CAD,0.731154,ecb_frankfurter
2025-07-28,USD,1.000000,ecb_frankfurter
2025-07-28,GBP,1.342787,ecb_frankfurter
2025-07-28,EUR,1.165406,ecb_frankfurter
2025-07-28,CAD,0.728757,ecb_frankfurter
2025-07-29,USD,1.000000,ecb_frankfurter
2025-07-29,GBP,1.333298,ecb_frankfurter
2025-07-29,EUR,1.153296,ecb_frankfurter
2025-07-29,CAD,0.725953,ecb_frankfurter
2025-07-30,USD,1.000000,ecb_frankfurter
2025-07-30,GBP,1.336934,ecb_frankfurter
2025-07-30,EUR,1.152698,ecb_frankfurter
2025-07-30,CAD,0.724953,ecb_frankfurter
2025-07-31,USD,1.000000,ecb_frankfurter
2025-07-31,GBP,1.323382,ecb_frankfurter
2025-07-31,EUR,1.144597,ecb_frankfurter
2025-07-31,CAD,0.722700,ecb_frankfurter
2025-08-01,USD,1.000000,ecb_frankfurter
2025-08-01,GBP,1.316101,ecb_frankfurter
2025-08-01,EUR,1.140394,ecb_frankfurter
2025-08-01,CAD,0.720773,ecb_frankfurter
2025-08-02,USD,1.000000,ecb_frankfurter
2025-08-02,GBP,1.316101,ecb_frankfurter
2025-08-02,EUR,1.140394,ecb_frankfurter
2025-08-02,CAD,0.720773,ecb_frankfurter
2025-08-03,USD,1.000000,ecb_frankfurter
2025-08-03,GBP,1.316101,ecb_frankfurter
2025-08-03,EUR,1.140394,ecb_frankfurter
2025-08-03,CAD,0.720773,ecb_frankfurter
2025-08-04,USD,1.000000,ecb_frankfurter
2025-08-04,GBP,1.328692,ecb_frankfurter
2025-08-04,EUR,1.156497,ecb_frankfurter
2025-08-04,CAD,0.725795,ecb_frankfurter
2025-08-05,USD,1.000000,ecb_frankfurter
2025-08-05,GBP,1.328198,ecb_frankfurter
2025-08-05,EUR,1.154601,ecb_frankfurter
2025-08-05,CAD,0.724900,ecb_frankfurter
2025-08-06,USD,1.000000,ecb_frankfurter
2025-08-06,GBP,1.331186,ecb_frankfurter
2025-08-06,EUR,1.160402,ecb_frankfurter
2025-08-06,CAD,0.726744,ecb_frankfurter
2025-08-07,USD,1.000000,ecb_frankfurter
2025-08-07,GBP,1.342444,ecb_frankfurter
2025-08-07,EUR,1.164293,ecb_frankfurter
2025-08-07,CAD,0.727643,ecb_frankfurter
2025-08-08,USD,1.000000,ecb_frankfurter
2025-08-08,GBP,1.343328,ecb_frankfurter
2025-08-08,EUR,1.164795,ecb_frankfurter
2025-08-08,CAD,0.727855,ecb_frankfurter
2025-08-09,USD,1.000000,ecb_frankfurter
2025-08-09,GBP,1.343328,ecb_frankfurter
2025-08-09,EUR,1.164795,ecb_frankfurter
2025-08-09,CAD,0.727855,ecb_frankfurter
2025-08-10,USD,1.000000,ecb_frankfurter
2025-08-10,GBP,1.343328,ecb_frankfurter
2025-08-10,EUR,1.164795,ecb_frankfurter
2025-08-10,CAD,0.727855,ecb_frankfurter
2025-08-11,USD,1.000000,ecb_frankfurter
2025-08-11,GBP,1.342660,ecb_frankfurter
2025-08-11,EUR,1.162196,ecb_frankfurter
2025-08-11,CAD,0.725479,ecb_frankfurter
2025-08-12,USD,1.000000,ecb_frankfurter
2025-08-12,GBP,1.346239,ecb_frankfurter
2025-08-12,EUR,1.160604,ecb_frankfurter
2025-08-12,CAD,0.724690,ecb_frankfurter
2025-08-13,USD,1.000000,ecb_frankfurter
2025-08-13,GBP,1.356852,ecb_frankfurter
2025-08-13,EUR,1.171097,ecb_frankfurter
2025-08-13,CAD,0.726744,ecb_frankfurter
2025-08-14,USD,1.000000,ecb_frankfurter
2025-08-14,GBP,1.357718,ecb_frankfurter
2025-08-14,EUR,1.169003,ecb_frankfurter
2025-08-14,CAD,0.725479,ecb_frankfurter
2025-08-15,USD,1.000000,ecb_frankfurter
2025-08-15,GBP,1.355601,ecb_frankfurter
2025-08-15,EUR,1.168798,ecb_frankfurter
2025-08-15,CAD,0.725058,ecb_frankfurter
2025-08-16,USD,1.000000,ecb_frankfurter
2025-08-16,GBP,1.355601,ecb_frankfurter
2025-08-16,EUR,1.168798,ecb_frankfurter
2025-08-16,CAD,0.725058,ecb_frankfurter
2025-08-17,USD,1.000000,ecb_frankfurter
2025-08-17,GBP,1.355601,ecb_frankfurter
2025-08-17,EUR,1.168798,ecb_frankfurter
2025-08-17,CAD,0.725058,ecb_frankfurter
2025-08-18,USD,1.000000,ecb_frankfurter
2025-08-18,GBP,1.354023,ecb_frankfurter
2025-08-18,EUR,1.167297,ecb_frankfurter
2025-08-18,CAD,0.725111,ecb_frankfurter
2025-08-19,USD,1.000000,ecb_frankfurter
2025-08-19,GBP,1.352082,ecb_frankfurter
2025-08-19,EUR,1.168197,ecb_frankfurter
2025-08-19,CAD,0.724113,ecb_frankfurter
2025-08-20,USD,1.000000,ecb_frankfurter
2025-08-20,GBP,1.347709,ecb_frankfurter
2025-08-20,EUR,1.165094,ecb_frankfurter
2025-08-20,CAD,0.721137,ecb_frankfurter
2025-08-21,USD,1.000000,ecb_frankfurter
2025-08-21,GBP,1.344936,ecb_frankfurter
2025-08-21,EUR,1.163900,ecb_frankfurter
2025-08-21,CAD,0.720046,ecb_frankfurter
2025-08-22,USD,1.000000,ecb_frankfurter
2025-08-22,GBP,1.341508,ecb_frankfurter
2025-08-22,EUR,1.160807,ecb_frankfurter
2025-08-22,CAD,0.718701,ecb_frankfurter
2025-08-23,USD,1.000000,ecb_frankfurter
2025-08-23,GBP,1.341508,ecb_frankfurter
2025-08-23,EUR,1.160807,ecb_frankfurter
2025-08-23,CAD,0.718701,ecb_frankfurter
2025-08-24,USD,1.000000,ecb_frankfurter
2025-08-24,GBP,1.341508,ecb_frankfurter
2025-08-24,EUR,1.160807,ecb_frankfurter
2025-08-24,CAD,0.718701,ecb_frankfurter
2025-08-25,USD,1.000000,ecb_frankfurter
2025-08-25,GBP,1.350840,ecb_frankfurter
2025-08-25,EUR,1.169700,ecb_frankfurter
2025-08-25,CAD,0.723327,ecb_frankfurter
2025-08-26,USD,1.000000,ecb_frankfurter
2025-08-26,GBP,1.348763,ecb_frankfurter
2025-08-26,EUR,1.165596,ecb_frankfurter
2025-08-26,CAD,0.722335,ecb_frankfurter
2025-08-27,USD,1.000000,ecb_frankfurter
2025-08-27,GBP,1.343960,ecb_frankfurter
2025-08-27,EUR,1.159299,ecb_frankfurter
2025-08-27,CAD,0.722022,ecb_frankfurter
2025-08-28,USD,1.000000,ecb_frankfurter
2025-08-28,GBP,1.351863,ecb_frankfurter
2025-08-28,EUR,1.167597,ecb_frankfurter
2025-08-28,CAD,0.726956,ecb_frankfurter
2025-08-29,USD,1.000000,ecb_frankfurter
2025-08-29,GBP,1.344954,ecb_frankfurter
2025-08-29,EUR,1.165800,ecb_frankfurter
2025-08-29,CAD,0.727220,ecb_frankfurter
2025-08-30,USD,1.000000,ecb_frankfurter
2025-08-30,GBP,1.344954,ecb_frankfurter
2025-08-30,EUR,1.165800,ecb_frankfurter
2025-08-30,CAD,0.727220,ecb_frankfurter
2025-08-31,USD,1.000000,ecb_frankfurter
2025-08-31,GBP,1.344954,ecb_frankfurter
2025-08-31,EUR,1.165800,ecb_frankfurter
2025-08-31,CAD,0.727220,ecb_frankfurter
2025-09-01,USD,1.000000,ecb_frankfurter
2025-09-01,GBP,1.352466,ecb_frankfurter
2025-09-01,EUR,1.171495,ecb_frankfurter
2025-09-01,CAD,0.727431,ecb_frankfurter
2025-09-02,USD,1.000000,ecb_frankfurter
2025-09-02,GBP,1.338312,ecb_frankfurter
2025-09-02,EUR,1.164605,ecb_frankfurter
2025-09-02,CAD,0.725321,ecb_frankfurter
2025-09-03,USD,1.000000,ecb_frankfurter
2025-09-03,GBP,1.341436,ecb_frankfurter
2025-09-03,EUR,1.165297,ecb_frankfurter
2025-09-03,CAD,0.724743,ecb_frankfurter
2025-09-04,USD,1.000000,ecb_frankfurter
2025-09-04,GBP,1.344447,ecb_frankfurter
2025-09-04,EUR,1.164700,ecb_frankfurter
2025-09-04,CAD,0.723694,ecb_frankfurter
2025-09-05,USD,1.000000,ecb_frankfurter
2025-09-05,GBP,1.347891,ecb_frankfurter
2025-09-05,EUR,1.169700,ecb_frankfurter
2025-09-05,CAD,0.724795,ecb_frankfurter
2025-09-06,USD,1.000000,ecb_frankfurter
2025-09-06,GBP,1.347891,ecb_frankfurter
2025-09-06,EUR,1.169700,ecb_frankfurter
2025-09-06,CAD,0.724795,ecb_frankfurter
2025-09-07,USD,1.000000,ecb_frankfurter
2025-09-07,GBP,1.347891,ecb_frankfurter
2025-09-07,EUR,1.169700,ecb_frankfurter
2025-09-07,CAD,0.724795,ecb_frankfurter
2025-09-08,USD,1.000000,ecb_frankfurter
2025-09-08,GBP,1.352869,ecb_frankfurter
2025-09-08,EUR,1.172800,ecb_frankfurter
2025-09-08,CAD,0.724375,ecb_frankfurter
2025-09-09,USD,1.000000,ecb_frankfurter
2025-09-09,GBP,1.355656,ecb_frankfurter
2025-09-09,EUR,1.174398,ecb_frankfurter
2025-09-09,CAD,0.724061,ecb_frankfurter
2025-09-10,USD,1.000000,ecb_frankfurter
2025-09-10,GBP,1.353418,ecb_frankfurter
2025-09-10,EUR,1.170700,ecb_frankfurter
2025-09-10,CAD,0.721605,ecb_frankfurter
2025-09-11,USD,1.000000,ecb_frankfurter
2025-09-11,GBP,1.351333,ecb_frankfurter
2025-09-11,EUR,1.168497,ecb_frankfurter
2025-09-11,CAD,0.720305,ecb_frankfurter
2025-09-12,USD,1.000000,ecb_frankfurter
2025-09-12,GBP,1.354206,ecb_frankfurter
2025-09-12,EUR,1.171797,ecb_frankfurter
2025-09-12,CAD,0.722126,ecb_frankfurter
2025-09-13,USD,1.000000,ecb_frankfurter
2025-09-13,GBP,1.354206,ecb_frankfurter
2025-09-13,EUR,1.171797,ecb_frankfurter
2025-09-13,CAD,0.722126,ecb_frankfurter
2025-09-14,USD,1.000000,ecb_frankfurter
2025-09-14,GBP,1.354206,ecb_frankfurter
2025-09-14,EUR,1.171797,ecb_frankfurter
2025-09-14,CAD,0.722126,ecb_frankfurter
2025-09-15,USD,1.000000,ecb_frankfurter
2025-09-15,GBP,1.361656,ecb_frankfurter
2025-09-15,EUR,1.176595,ecb_frankfurter
2025-09-15,CAD,0.723537,ecb_frankfurter
2025-09-16,USD,1.000000,ecb_frankfurter
2025-09-16,GBP,1.364033,ecb_frankfurter
2025-09-16,EUR,1.180693,ecb_frankfurter
2025-09-16,CAD,0.727326,ecb_frankfurter
2025-09-17,USD,1.000000,ecb_frankfurter
2025-09-17,GBP,1.364498,ecb_frankfurter
2025-09-17,EUR,1.183698,ecb_frankfurter
2025-09-17,CAD,0.727061,ecb_frankfurter
2025-09-18,USD,1.000000,ecb_frankfurter
2025-09-18,GBP,1.361526,ecb_frankfurter
2025-09-18,EUR,1.181796,ecb_frankfurter
2025-09-18,CAD,0.725584,ecb_frankfurter
2025-09-19,USD,1.000000,ecb_frankfurter
2025-09-19,GBP,1.347727,ecb_frankfurter
2025-09-19,EUR,1.173599,ecb_frankfurter
2025-09-19,CAD,0.723798,ecb_frankfurter
2025-09-20,USD,1.000000,ecb_frankfurter
2025-09-20,GBP,1.347727,ecb_frankfurter
2025-09-20,EUR,1.173599,ecb_frankfurter
2025-09-20,CAD,0.723798,ecb_frankfurter
2025-09-21,USD,1.000000,ecb_frankfurter
2025-09-21,GBP,1.347727,ecb_frankfurter
2025-09-21,EUR,1.173599,ecb_frankfurter
2025-09-21,CAD,0.723798,ecb_frankfurter
2025-09-22,USD,1.000000,ecb_frankfurter
2025-09-22,GBP,1.349637,ecb_frankfurter
2025-09-22,EUR,1.178106,ecb_frankfurter
2025-09-22,CAD,0.724008,ecb_frankfurter
2025-09-23,USD,1.000000,ecb_frankfurter
2025-09-23,GBP,1.351023,ecb_frankfurter
2025-09-23,EUR,1.179301,ecb_frankfurter
2025-09-23,CAD,0.723170,ecb_frankfurter
2025-09-24,USD,1.000000,ecb_frankfurter
2025-09-24,GBP,1.346475,ecb_frankfurter
2025-09-24,EUR,1.175599,ecb_frankfurter
2025-09-24,CAD,0.721137,ecb_frankfurter
2025-09-25,USD,1.000000,ecb_frankfurter
2025-09-25,GBP,1.341904,ecb_frankfurter
2025-09-25,EUR,1.173902,ecb_frankfurter
2025-09-25,CAD,0.719735,ecb_frankfurter
2025-09-26,USD,1.000000,ecb_frankfurter
2025-09-26,GBP,1.335470,ecb_frankfurter
2025-09-26,EUR,1.167202,ecb_frankfurter
2025-09-26,CAD,0.716949,ecb_frankfurter
2025-09-27,USD,1.000000,ecb_frankfurter
2025-09-27,GBP,1.335470,ecb_frankfurter
2025-09-27,EUR,1.167202,ecb_frankfurter
2025-09-27,CAD,0.716949,ecb_frankfurter
2025-09-28,USD,1.000000,ecb_frankfurter
2025-09-28,GBP,1.335470,ecb_frankfurter
2025-09-28,EUR,1.167202,ecb_frankfurter
2025-09-28,CAD,0.716949,ecb_frankfurter
2025-09-29,USD,1.000000,ecb_frankfurter
2025-09-29,GBP,1.343923,ecb_frankfurter
2025-09-29,EUR,1.172305,ecb_frankfurter
2025-09-29,CAD,0.717772,ecb_frankfurter
2025-09-30,USD,1.000000,ecb_frankfurter
2025-09-30,GBP,1.344285,ecb_frankfurter
2025-09-30,EUR,1.174095,ecb_frankfurter
2025-09-30,CAD,0.718288,ecb_frankfurter
2025-10-01,USD,1.000000,ecb_frankfurter
2025-10-01,GBP,1.346965,ecb_frankfurter
2025-10-01,EUR,1.172402,ecb_frankfurter
2025-10-01,CAD,0.717618,ecb_frankfurter
2025-10-02,USD,1.000000,ecb_frankfurter
2025-10-02,GBP,1.347782,ecb_frankfurter
2025-10-02,EUR,1.175406,ecb_frankfurter
2025-10-02,CAD,0.717257,ecb_frankfurter
2025-10-03,USD,1.000000,ecb_frankfurter
2025-10-03,GBP,1.344719,ecb_frankfurter
2025-10-03,EUR,1.173406,ecb_frankfurter
2025-10-03,CAD,0.716076,ecb_frankfurter
2025-10-04,USD,1.000000,ecb_frankfurter
2025-10-04,GBP,1.344719,ecb_frankfurter
2025-10-04,EUR,1.173406,ecb_frankfurter
2025-10-04,CAD,0.716076,ecb_frankfurter
2025-10-05,USD,1.000000,ecb_frankfurter
2025-10-05,GBP,1.344719,ecb_frankfurter
2025-10-05,EUR,1.173406,ecb_frankfurter
2025-10-05,CAD,0.716076,ecb_frankfurter
2025-10-06,USD,1.000000,ecb_frankfurter
2025-10-06,GBP,1.343075,ecb_frankfurter
2025-10-06,EUR,1.167801,ecb_frankfurter
2025-10-06,CAD,0.716281,ecb_frankfurter
2025-10-07,USD,1.000000,ecb_frankfurter
2025-10-07,GBP,1.340465,ecb_frankfurter
2025-10-07,EUR,1.166603,ecb_frankfurter
2025-10-07,CAD,0.716589,ecb_frankfurter
2025-10-08,USD,1.000000,ecb_frankfurter
2025-10-08,GBP,1.340914,ecb_frankfurter
2025-10-08,EUR,1.162696,ecb_frankfurter
2025-10-08,CAD,0.717257,ecb_frankfurter
2025-10-09,USD,1.000000,ecb_frankfurter
2025-10-09,GBP,1.337202,ecb_frankfurter
2025-10-09,EUR,1.161103,ecb_frankfurter
2025-10-09,CAD,0.716794,ecb_frankfurter
2025-10-10,USD,1.000000,ecb_frankfurter
2025-10-10,GBP,1.328286,ecb_frankfurter
2025-10-10,EUR,1.156805,ecb_frankfurter
2025-10-10,CAD,0.713267,ecb_frankfurter
2025-10-11,USD,1.000000,ecb_frankfurter
2025-10-11,GBP,1.328286,ecb_frankfurter
2025-10-11,EUR,1.156805,ecb_frankfurter
2025-10-11,CAD,0.713267,ecb_frankfurter
2025-10-12,USD,1.000000,ecb_frankfurter
2025-10-12,GBP,1.328286,ecb_frankfurter
2025-10-12,EUR,1.156805,ecb_frankfurter
2025-10-12,CAD,0.713267,ecb_frankfurter
2025-10-13,USD,1.000000,ecb_frankfurter
2025-10-13,GBP,1.333298,ecb_frankfurter
2025-10-13,EUR,1.156899,ecb_frankfurter
2025-10-13,CAD,0.713827,ecb_frankfurter
2025-10-14,USD,1.000000,ecb_frankfurter
2025-10-14,GBP,1.326102,ecb_frankfurter
2025-10-14,EUR,1.155295,ecb_frankfurter
2025-10-14,CAD,0.710985,ecb_frankfurter
2025-10-15,USD,1.000000,ecb_frankfurter
2025-10-15,GBP,1.335096,ecb_frankfurter
2025-10-15,EUR,1.162196,ecb_frankfurter
2025-10-15,CAD,0.711997,ecb_frankfurter
2025-10-16,USD,1.000000,ecb_frankfurter
2025-10-16,GBP,1.342678,ecb_frankfurter
2025-10-16,EUR,1.164904,ecb_frankfurter
2025-10-16,CAD,0.711592,ecb_frankfurter
2025-10-17,USD,1.000000,ecb_frankfurter
2025-10-17,GBP,1.343418,ecb_frankfurter
2025-10-17,EUR,1.168101,ecb_frankfurter
2025-10-17,CAD,0.712555,ecb_frankfurter
2025-10-18,USD,1.000000,ecb_frankfurter
2025-10-18,GBP,1.343418,ecb_frankfurter
2025-10-18,EUR,1.168101,ecb_frankfurter
2025-10-18,CAD,0.712555,ecb_frankfurter
2025-10-19,USD,1.000000,ecb_frankfurter
2025-10-19,GBP,1.343418,ecb_frankfurter
2025-10-19,EUR,1.168101,ecb_frankfurter
2025-10-19,CAD,0.712555,ecb_frankfurter
2025-10-20,USD,1.000000,ecb_frankfurter
2025-10-20,GBP,1.341040,ecb_frankfurter
2025-10-20,EUR,1.165501,ecb_frankfurter
2025-10-20,CAD,0.712048,ecb_frankfurter
2025-10-21,USD,1.000000,ecb_frankfurter
2025-10-21,GBP,1.337524,ecb_frankfurter
2025-10-21,EUR,1.160699,ecb_frankfurter
2025-10-21,CAD,0.712048,ecb_frankfurter
2025-10-22,USD,1.000000,ecb_frankfurter
2025-10-22,GBP,1.333529,ecb_frankfurter
2025-10-22,EUR,1.158695,ecb_frankfurter
2025-10-22,CAD,0.712860,ecb_frankfurter
2025-10-23,USD,1.000000,ecb_frankfurter
2025-10-23,GBP,1.333902,ecb_frankfurter
2025-10-23,EUR,1.159299,ecb_frankfurter
2025-10-23,CAD,0.714694,ecb_frankfurter
2025-10-24,USD,1.000000,ecb_frankfurter
2025-10-24,GBP,1.330743,ecb_frankfurter
2025-10-24,EUR,1.161197,ecb_frankfurter
2025-10-24,CAD,0.713012,ecb_frankfurter
2025-10-25,USD,1.000000,ecb_frankfurter
2025-10-25,GBP,1.330743,ecb_frankfurter
2025-10-25,EUR,1.161197,ecb_frankfurter
2025-10-25,CAD,0.713012,ecb_frankfurter
2025-10-26,USD,1.000000,ecb_frankfurter
2025-10-26,GBP,1.330743,ecb_frankfurter
2025-10-26,EUR,1.161197,ecb_frankfurter
2025-10-26,CAD,0.713012,ecb_frankfurter
2025-10-27,USD,1.000000,ecb_frankfurter
2025-10-27,GBP,1.334704,ecb_frankfurter
2025-10-27,EUR,1.163995,ecb_frankfurter
2025-10-27,CAD,0.715154,ecb_frankfurter
2025-10-28,USD,1.000000,ecb_frankfurter
2025-10-28,GBP,1.327633,ecb_frankfurter
2025-10-28,EUR,1.162994,ecb_frankfurter
2025-10-28,CAD,0.714184,ecb_frankfurter
2025-10-29,USD,1.000000,ecb_frankfurter
2025-10-29,GBP,1.321213,ecb_frankfurter
2025-10-29,EUR,1.163603,ecb_frankfurter
2025-10-29,CAD,0.717978,ecb_frankfurter
2025-10-30,USD,1.000000,ecb_frankfurter
2025-10-30,GBP,1.312353,ecb_frankfurter
2025-10-30,EUR,1.155001,ecb_frankfurter
2025-10-30,CAD,0.713878,ecb_frankfurter
2025-10-31,USD,1.000000,ecb_frankfurter
2025-10-31,GBP,1.310564,ecb_frankfurter
2025-10-31,EUR,1.155402,ecb_frankfurter
2025-10-31,CAD,0.712911,ecb_frankfurter
2025-11-01,USD,1.000000,ecb_frankfurter
2025-11-01,GBP,1.310564,ecb_frankfurter
2025-11-01,EUR,1.155402,ecb_frankfurter
2025-11-01,CAD,0.712911,ecb_frankfurter
2025-11-02,USD,1.000000,ecb_frankfurter
2025-11-02,GBP,1.310564,ecb_frankfurter
2025-11-02,EUR,1.155402,ecb_frankfurter
2025-11-02,CAD,0.712911,ecb_frankfurter
2025-11-03,USD,1.000000,ecb_frankfurter
2025-11-03,GBP,1.313629,ecb_frankfurter
2025-11-03,EUR,1.151397,ecb_frankfurter
2025-11-03,CAD,0.712048,ecb_frankfurter
2025-11-04,USD,1.000000,ecb_frankfurter
2025-11-04,GBP,1.306541,ecb_frankfurter
2025-11-04,EUR,1.149095,ecb_frankfurter
2025-11-04,CAD,0.710278,ecb_frankfurter
2025-11-05,USD,1.000000,ecb_frankfurter
2025-11-05,GBP,1.304427,ecb_frankfurter
2025-11-05,EUR,1.149201,ecb_frankfurter
2025-11-05,CAD,0.707714,ecb_frankfurter
2025-11-06,USD,1.000000,ecb_frankfurter
2025-11-06,GBP,1.309535,ecb_frankfurter
2025-11-06,EUR,1.153296,ecb_frankfurter
2025-11-06,CAD,0.709622,ecb_frankfurter
2025-11-07,USD,1.000000,ecb_frankfurter
2025-11-07,GBP,1.312112,ecb_frankfurter
2025-11-07,EUR,1.156096,ecb_frankfurter
2025-11-07,CAD,0.708767,ecb_frankfurter
2025-11-08,USD,1.000000,ecb_frankfurter
2025-11-08,GBP,1.312112,ecb_frankfurter
2025-11-08,EUR,1.156096,ecb_frankfurter
2025-11-08,CAD,0.708767,ecb_frankfurter
2025-11-09,USD,1.000000,ecb_frankfurter
2025-11-09,GBP,1.312112,ecb_frankfurter
2025-11-09,EUR,1.156096,ecb_frankfurter
2025-11-09,CAD,0.708767,ecb_frankfurter
2025-11-10,USD,1.000000,ecb_frankfurter
2025-11-10,GBP,1.318183,ecb_frankfurter
2025-11-10,EUR,1.157099,ecb_frankfurter
2025-11-10,CAD,0.713674,ecb_frankfurter
2025-11-11,USD,1.000000,ecb_frankfurter
2025-11-11,GBP,1.314752,ecb_frankfurter
2025-11-11,EUR,1.157501,ecb_frankfurter
2025-11-11,CAD,0.713012,ecb_frankfurter
2025-11-12,USD,1.000000,ecb_frankfurter
2025-11-12,GBP,1.312026,ecb_frankfurter
2025-11-12,EUR,1.157595,ecb_frankfurter
2025-11-12,CAD,0.713878,ecb_frankfurter
2025-11-13,USD,1.000000,ecb_frankfurter
2025-11-13,GBP,1.317488,ecb_frankfurter
2025-11-13,EUR,1.161899,ecb_frankfurter
2025-11-13,CAD,0.714031,ecb_frankfurter
2025-11-14,USD,1.000000,ecb_frankfurter
2025-11-14,GBP,1.316760,ecb_frankfurter
2025-11-14,EUR,1.164795,ecb_frankfurter
2025-11-14,CAD,0.713267,ecb_frankfurter
2025-11-15,USD,1.000000,ecb_frankfurter
2025-11-15,GBP,1.316760,ecb_frankfurter
2025-11-15,EUR,1.164795,ecb_frankfurter
2025-11-15,CAD,0.713267,ecb_frankfurter
2025-11-16,USD,1.000000,ecb_frankfurter
2025-11-16,GBP,1.316760,ecb_frankfurter
2025-11-16,EUR,1.164795,ecb_frankfurter
2025-11-16,CAD,0.713267,ecb_frankfurter
2025-11-17,USD,1.000000,ecb_frankfurter
2025-11-17,GBP,1.318131,ecb_frankfurter
2025-11-17,EUR,1.159299,ecb_frankfurter
2025-11-17,CAD,0.712555,ecb_frankfurter
2025-11-18,USD,1.000000,ecb_frankfurter
2025-11-18,GBP,1.313905,ecb_frankfurter
2025-11-18,EUR,1.159004,ecb_frankfurter
2025-11-18,CAD,0.712911,ecb_frankfurter
2025-11-19,USD,1.000000,ecb_frankfurter
2025-11-19,GBP,1.312215,ecb_frankfurter
2025-11-19,EUR,1.158306,ecb_frankfurter
2025-11-19,CAD,0.713674,ecb_frankfurter
2025-11-20,USD,1.000000,ecb_frankfurter
2025-11-20,GBP,1.306182,ecb_frankfurter
2025-11-20,EUR,1.151397,ecb_frankfurter
2025-11-20,CAD,0.710985,ecb_frankfurter
2025-11-21,USD,1.000000,ecb_frankfurter
2025-11-21,GBP,1.308644,ecb_frankfurter
2025-11-21,EUR,1.151994,ecb_frankfurter
2025-11-21,CAD,0.709975,ecb_frankfurter
2025-11-22,USD,1.000000,ecb_frankfurter
2025-11-22,GBP,1.308644,ecb_frankfurter
2025-11-22,EUR,1.151994,ecb_frankfurter
2025-11-22,CAD,0.709975,ecb_frankfurter
2025-11-23,USD,1.000000,ecb_frankfurter
2025-11-23,GBP,1.308644,ecb_frankfurter
2025-11-23,EUR,1.151994,ecb_frankfurter
2025-11-23,CAD,0.709975,ecb_frankfurter
2025-11-24,USD,1.000000,ecb_frankfurter
2025-11-24,GBP,1.311217,ecb_frankfurter
2025-11-24,EUR,1.154401,ecb_frankfurter
2025-11-24,CAD,0.709119,ecb_frankfurter
2025-11-25,USD,1.000000,ecb_frankfurter
2025-11-25,GBP,1.314406,ecb_frankfurter
2025-11-25,EUR,1.155095,ecb_frankfurter
2025-11-25,CAD,0.708617,ecb_frankfurter
2025-11-26,USD,1.000000,ecb_frankfurter
2025-11-26,GBP,1.319174,ecb_frankfurter
2025-11-26,EUR,1.157702,ecb_frankfurter
2025-11-26,CAD,0.709874,ecb_frankfurter
2025-11-27,USD,1.000000,ecb_frankfurter
2025-11-27,GBP,1.323504,ecb_frankfurter
2025-11-27,EUR,1.158601,ecb_frankfurter
2025-11-27,CAD,0.711997,ecb_frankfurter
2025-11-28,USD,1.000000,ecb_frankfurter
2025-11-28,GBP,1.321528,ecb_frankfurter
2025-11-28,EUR,1.156604,ecb_frankfurter
2025-11-28,CAD,0.713521,ecb_frankfurter
2025-11-29,USD,1.000000,ecb_frankfurter
2025-11-29,GBP,1.321528,ecb_frankfurter
2025-11-29,EUR,1.156604,ecb_frankfurter
2025-11-29,CAD,0.713521,ecb_frankfurter
2025-11-30,USD,1.000000,ecb_frankfurter
2025-11-30,GBP,1.321528,ecb_frankfurter
2025-11-30,EUR,1.156604,ecb_frankfurter
2025-11-30,CAD,0.713521,ecb_frankfurter
2025-12-01,USD,1.000000,ecb_frankfurter
2025-12-01,GBP,1.326717,ecb_frankfurter
2025-12-01,EUR,1.164605,ecb_frankfurter
2025-12-01,CAD,0.716281,ecb_frankfurter
2025-12-02,USD,1.000000,ecb_frankfurter
2025-12-02,GBP,1.320376,ecb_frankfurter
2025-12-02,EUR,1.161400,ecb_frankfurter
2025-12-02,CAD,0.714082,ecb_frankfurter
2025-12-03,USD,1.000000,ecb_frankfurter
2025-12-03,GBP,1.331044,ecb_frankfurter
2025-12-03,EUR,1.166807,ecb_frankfurter
2025-12-03,CAD,0.717154,ecb_frankfurter
2025-12-04,USD,1.000000,ecb_frankfurter
2025-12-04,GBP,1.334027,ecb_frankfurter
2025-12-04,EUR,1.166603,ecb_frankfurter
2025-12-04,CAD,0.715768,ecb_frankfurter
2025-12-05,USD,1.000000,ecb_frankfurter
2025-12-05,GBP,1.334365,ecb_frankfurter
2025-12-05,EUR,1.164497,ecb_frankfurter
2025-12-05,CAD,0.717515,ecb_frankfurter
2025-12-06,USD,1.000000,ecb_frankfurter
2025-12-06,GBP,1.334365,ecb_frankfurter
2025-12-06,EUR,1.164497,ecb_frankfurter
2025-12-06,CAD,0.717515,ecb_frankfurter
2025-12-07,USD,1.000000,ecb_frankfurter
2025-12-07,GBP,1.334365,ecb_frankfurter
2025-12-07,EUR,1.164497,ecb_frankfurter
2025-12-07,CAD,0.717515,ecb_frankfurter
2025-12-08,USD,1.000000,ecb_frankfurter
2025-12-08,GBP,1.332605,ecb_frankfurter
2025-12-08,EUR,1.165501,ecb_frankfurter
2025-12-08,CAD,0.724375,ecb_frankfurter
2025-12-09,USD,1.000000,ecb_frankfurter
2025-12-09,GBP,1.332232,ecb_frankfurter
2025-12-09,EUR,1.163697,ecb_frankfurter
2025-12-09,CAD,0.722178,ecb_frankfurter
2025-12-10,USD,1.000000,ecb_frankfurter
2025-12-10,GBP,1.330973,ecb_frankfurter
2025-12-10,EUR,1.163399,ecb_frankfurter
2025-12-10,CAD,0.722230,ecb_frankfurter
2025-12-11,USD,1.000000,ecb_frankfurter
2025-12-11,GBP,1.338598,ecb_frankfurter
2025-12-11,EUR,1.171399,ecb_frankfurter
2025-12-11,CAD,0.724690,ecb_frankfurter
2025-12-12,USD,1.000000,ecb_frankfurter
2025-12-12,GBP,1.338079,ecb_frankfurter
2025-12-12,EUR,1.173103,ecb_frankfurter
2025-12-12,CAD,0.726850,ecb_frankfurter
2025-12-13,USD,1.000000,ecb_frankfurter
2025-12-13,GBP,1.338079,ecb_frankfurter
2025-12-13,EUR,1.173103,ecb_frankfurter
2025-12-13,CAD,0.726850,ecb_frankfurter
2025-12-14,USD,1.000000,ecb_frankfurter
2025-12-14,GBP,1.338079,ecb_frankfurter
2025-12-14,EUR,1.173103,ecb_frankfurter
2025-12-14,CAD,0.726850,ecb_frankfurter
2025-12-15,USD,1.000000,ecb_frankfurter
2025-12-15,GBP,1.338760,ecb_frankfurter
2025-12-15,EUR,1.175295,ecb_frankfurter
2025-12-15,CAD,0.726903,ecb_frankfurter
2025-12-16,USD,1.000000,ecb_frankfurter
2025-12-16,GBP,1.343671,ecb_frankfurter
2025-12-16,EUR,1.177607,ecb_frankfurter
2025-12-16,CAD,0.726639,ecb_frankfurter
2025-12-17,USD,1.000000,ecb_frankfurter
2025-12-17,GBP,1.334312,ecb_frankfurter
2025-12-17,EUR,1.172196,ecb_frankfurter
2025-12-17,CAD,0.725163,ecb_frankfurter
2025-12-18,USD,1.000000,ecb_frankfurter
2025-12-18,GBP,1.339926,ecb_frankfurter
2025-12-18,EUR,1.171893,ecb_frankfurter
2025-12-18,CAD,0.725163,ecb_frankfurter
2025-12-19,USD,1.000000,ecb_frankfurter
2025-12-19,GBP,1.336988,ecb_frankfurter
2025-12-19,EUR,1.171193,ecb_frankfurter
2025-12-19,CAD,0.724953,ecb_frankfurter
2025-12-20,USD,1.000000,ecb_frankfurter
2025-12-20,GBP,1.336988,ecb_frankfurter
2025-12-20,EUR,1.171193,ecb_frankfurter
2025-12-20,CAD,0.724953,ecb_frankfurter
2025-12-21,USD,1.000000,ecb_frankfurter
2025-12-21,GBP,1.336988,ecb_frankfurter
2025-12-21,EUR,1.171193,ecb_frankfurter
2025-12-21,CAD,0.724953,ecb_frankfurter
2025-12-22,USD,1.000000,ecb_frankfurter
2025-12-22,GBP,1.343508,ecb_frankfurter
2025-12-22,EUR,1.174495,ecb_frankfurter
2025-12-22,CAD,0.726427,ecb_frankfurter
2025-12-23,USD,1.000000,ecb_frankfurter
2025-12-23,GBP,1.350220,ecb_frankfurter
2025-12-23,EUR,1.178606,ecb_frankfurter
2025-12-23,CAD,0.729874,ecb_frankfurter
2025-12-24,USD,1.000000,ecb_frankfurter
2025-12-24,GBP,1.350329,ecb_frankfurter
2025-12-24,EUR,1.178703,ecb_frankfurter
2025-12-24,CAD,0.730834,ecb_frankfurter
2025-12-25,USD,1.000000,ecb_frankfurter
2025-12-25,GBP,1.350329,ecb_frankfurter
2025-12-25,EUR,1.178703,ecb_frankfurter
2025-12-25,CAD,0.730834,ecb_frankfurter
2025-12-26,USD,1.000000,ecb_frankfurter
2025-12-26,GBP,1.350329,ecb_frankfurter
2025-12-26,EUR,1.178703,ecb_frankfurter
2025-12-26,CAD,0.730834,ecb_frankfurter
2025-12-27,USD,1.000000,ecb_frankfurter
2025-12-27,GBP,1.350329,ecb_frankfurter
2025-12-27,EUR,1.178703,ecb_frankfurter
2025-12-27,CAD,0.730834,ecb_frankfurter
2025-12-28,USD,1.000000,ecb_frankfurter
2025-12-28,GBP,1.350329,ecb_frankfurter
2025-12-28,EUR,1.178703,ecb_frankfurter
2025-12-28,CAD,0.730834,ecb_frankfurter
2025-12-29,USD,1.000000,ecb_frankfurter
2025-12-29,GBP,1.348381,ecb_frankfurter
2025-12-29,EUR,1.176595,ecb_frankfurter
2025-12-29,CAD,0.730514,ecb_frankfurter
2025-12-30,USD,1.000000,ecb_frankfurter
2025-12-30,GBP,1.349509,ecb_frankfurter
2025-12-30,EUR,1.175696,ecb_frankfurter
2025-12-30,CAD,0.730087,ecb_frankfurter
2025-12-31,USD,1.000000,ecb_frankfurter
2025-12-31,GBP,1.346547,ecb_frankfurter
2025-12-31,EUR,1.175005,ecb_frankfurter
2025-12-31,CAD,0.730353,ecb_frankfurter
2026-01-01,USD,1.000000,ecb_frankfurter
2026-01-01,GBP,1.346547,ecb_frankfurter
2026-01-01,EUR,1.175005,ecb_frankfurter
2026-01-01,CAD,0.730353,ecb_frankfurter
2026-01-02,USD,1.000000,ecb_frankfurter
2026-01-02,GBP,1.344303,ecb_frankfurter
2026-01-02,EUR,1.172099,ecb_frankfurter
2026-01-02,CAD,0.728173,ecb_frankfurter
2026-01-03,USD,1.000000,ecb_frankfurter
2026-01-03,GBP,1.344303,ecb_frankfurter
2026-01-03,EUR,1.172099,ecb_frankfurter
2026-01-03,CAD,0.728173,ecb_frankfurter
2026-01-04,USD,1.000000,ecb_frankfurter
2026-01-04,GBP,1.344303,ecb_frankfurter
2026-01-04,EUR,1.172099,ecb_frankfurter
2026-01-04,CAD,0.728173,ecb_frankfurter
2026-01-05,USD,1.000000,ecb_frankfurter
2026-01-05,GBP,1.344393,ecb_frankfurter
2026-01-05,EUR,1.166398,ecb_frankfurter
2026-01-05,CAD,0.725058,ecb_frankfurter
2026-01-06,USD,1.000000,ecb_frankfurter
2026-01-06,GBP,1.351388,ecb_frankfurter
2026-01-06,EUR,1.170700,ecb_frankfurter
2026-01-06,CAD,0.725847,ecb_frankfurter
2026-01-07,USD,1.000000,ecb_frankfurter
2026-01-07,GBP,1.348563,ecb_frankfurter
2026-01-07,EUR,1.168402,ecb_frankfurter
2026-01-07,CAD,0.724165,ecb_frankfurter
2026-01-08,USD,1.000000,ecb_frankfurter
2026-01-08,GBP,1.343960,ecb_frankfurter
2026-01-08,EUR,1.167501,ecb_frankfurter
2026-01-08,CAD,0.721449,ecb_frankfurter
2026-01-09,USD,1.000000,ecb_frankfurter
2026-01-09,GBP,1.341706,ecb_frankfurter
2026-01-09,EUR,1.164199,ecb_frankfurter
2026-01-09,CAD,0.720305,ecb_frankfurter
2026-01-10,USD,1.000000,ecb_frankfurter
2026-01-10,GBP,1.341706,ecb_frankfurter
2026-01-10,EUR,1.164199,ecb_frankfurter
2026-01-10,CAD,0.720305,ecb_frankfurter
2026-01-11,USD,1.000000,ecb_frankfurter
2026-01-11,GBP,1.341706,ecb_frankfurter
2026-01-11,EUR,1.164199,ecb_frankfurter
2026-01-11,CAD,0.720305,ecb_frankfurter
2026-01-12,USD,1.000000,ecb_frankfurter
2026-01-12,GBP,1.347945,ecb_frankfurter
2026-01-12,EUR,1.169194,ecb_frankfurter
2026-01-12,CAD,0.720877,ecb_frankfurter
2026-01-13,USD,1.000000,ecb_frankfurter
2026-01-13,GBP,1.345732,ecb_frankfurter
2026-01-13,EUR,1.165406,ecb_frankfurter
2026-01-13,CAD,0.720617,ecb_frankfurter
2026-01-14,USD,1.000000,ecb_frankfurter
2026-01-14,GBP,1.344140,ecb_frankfurter
2026-01-14,EUR,1.165094,ecb_frankfurter
2026-01-14,CAD,0.720565,ecb_frankfurter
2026-01-15,USD,1.000000,ecb_frankfurter
2026-01-15,GBP,1.340105,ecb_frankfurter
2026-01-15,EUR,1.162399,ecb_frankfurter
2026-01-15,CAD,0.719217,ecb_frankfurter
2026-01-16,USD,1.000000,ecb_frankfurter
2026-01-16,GBP,1.339908,ecb_frankfurter
2026-01-16,EUR,1.161697,ecb_frankfurter
2026-01-16,CAD,0.719994,ecb_frankfurter
2026-01-17,USD,1.000000,ecb_frankfurter
2026-01-17,GBP,1.339908,ecb_frankfurter
2026-01-17,EUR,1.161697,ecb_frankfurter
2026-01-17,CAD,0.719994,ecb_frankfurter
2026-01-18,USD,1.000000,ecb_frankfurter
2026-01-18,GBP,1.339908,ecb_frankfurter
2026-01-18,EUR,1.161697,ecb_frankfurter
2026-01-18,CAD,0.719994,ecb_frankfurter
2026-01-19,USD,1.000000,ecb_frankfurter
2026-01-19,GBP,1.341364,ecb_frankfurter
2026-01-19,EUR,1.163102,ecb_frankfurter
2026-01-19,CAD,0.720254,ecb_frankfurter
2026-01-20,USD,1.000000,ecb_frankfurter
2026-01-20,GBP,1.344646,ecb_frankfurter
2026-01-20,EUR,1.172800,ecb_frankfurter
2026-01-20,CAD,0.723275,ecb_frankfurter
2026-01-21,USD,1.000000,ecb_frankfurter
2026-01-21,GBP,1.342516,ecb_frankfurter
2026-01-21,EUR,1.173902,ecb_frankfurter
2026-01-21,CAD,0.725005,ecb_frankfurter
2026-01-22,USD,1.000000,ecb_frankfurter
2026-01-22,GBP,1.342120,ecb_frankfurter
2026-01-22,EUR,1.170604,ecb_frankfurter
2026-01-22,CAD,0.723903,ecb_frankfurter
2026-01-23,USD,1.000000,ecb_frankfurter
2026-01-23,GBP,1.352613,ecb_frankfurter
2026-01-23,EUR,1.174205,ecb_frankfurter
2026-01-23,CAD,0.726586,ecb_frankfurter
2026-01-24,USD,1.000000,ecb_frankfurter
2026-01-24,GBP,1.352613,ecb_frankfurter
2026-01-24,EUR,1.174205,ecb_frankfurter
2026-01-24,CAD,0.726586,ecb_frankfurter
2026-01-25,USD,1.000000,ecb_frankfurter
2026-01-25,GBP,1.352613,ecb_frankfurter
2026-01-25,EUR,1.174205,ecb_frankfurter
2026-01-25,CAD,0.726586,ecb_frankfurter
2026-01-26,USD,1.000000,ecb_frankfurter
2026-01-26,GBP,1.364387,ecb_frankfurter
2026-01-26,EUR,1.183600,ecb_frankfurter
2026-01-26,CAD,0.729288,ecb_frankfurter
2026-01-27,USD,1.000000,ecb_frankfurter
2026-01-27,GBP,1.373834,ecb_frankfurter
2026-01-27,EUR,1.192905,ecb_frankfurter
2026-01-27,CAD,0.731101,ecb_frankfurter
2026-01-28,USD,1.000000,ecb_frankfurter
2026-01-28,GBP,1.378702,ecb_frankfurter
2026-01-28,EUR,1.197404,ecb_frankfurter
2026-01-28,CAD,0.737246,ecb_frankfurter
2026-01-29,USD,1.000000,ecb_frankfurter
2026-01-29,GBP,1.381673,ecb_frankfurter
2026-01-29,EUR,1.196802,ecb_frankfurter
2026-01-29,CAD,0.739426,ecb_frankfurter
2026-01-30,USD,1.000000,ecb_frankfurter
2026-01-30,GBP,1.376008,ecb_frankfurter
2026-01-30,EUR,1.191895,ecb_frankfurter
2026-01-30,CAD,0.739372,ecb_frankfurter
2026-01-31,USD,1.000000,ecb_frankfurter
2026-01-31,GBP,1.376008,ecb_frankfurter
2026-01-31,EUR,1.191895,ecb_frankfurter
2026-01-31,CAD,0.739372,ecb_frankfurter
2026-02-01,USD,1.000000,ecb_frankfurter
2026-02-01,GBP,1.376008,ecb_frankfurter
2026-02-01,EUR,1.191895,ecb_frankfurter
2026-02-01,CAD,0.739372,ecb_frankfurter
2026-02-02,USD,1.000000,ecb_frankfurter
2026-02-02,GBP,1.367521,ecb_frankfurter
2026-02-02,EUR,1.184006,ecb_frankfurter
2026-02-02,CAD,0.732815,ecb_frankfurter
2026-02-03,USD,1.000000,ecb_frankfurter
2026-02-03,GBP,1.368551,ecb_frankfurter
2026-02-03,EUR,1.180094,ecb_frankfurter
2026-02-03,CAD,0.732279,ecb_frankfurter
2026-02-04,USD,1.000000,ecb_frankfurter
2026-02-04,GBP,1.371874,ecb_frankfurter
2026-02-04,EUR,1.182005,ecb_frankfurter
2026-02-04,CAD,0.732440,ecb_frankfurter
2026-02-05,USD,1.000000,ecb_frankfurter
2026-02-05,GBP,1.357497,ecb_frankfurter
2026-02-05,EUR,1.179802,ecb_frankfurter
2026-02-05,CAD,0.730780,ecb_frankfurter
2026-02-06,USD,1.000000,ecb_frankfurter
2026-02-06,GBP,1.358917,ecb_frankfurter
2026-02-06,EUR,1.179398,ecb_frankfurter
2026-02-06,CAD,0.731743,ecb_frankfurter
2026-02-07,USD,1.000000,ecb_frankfurter
2026-02-07,GBP,1.358917,ecb_frankfurter
2026-02-07,EUR,1.179398,ecb_frankfurter
2026-02-07,CAD,0.731743,ecb_frankfurter
2026-02-08,USD,1.000000,ecb_frankfurter
2026-02-08,GBP,1.358917,ecb_frankfurter
2026-02-08,EUR,1.179398,ecb_frankfurter
2026-02-08,CAD,0.731743,ecb_frankfurter
2026-02-09,USD,1.000000,ecb_frankfurter
2026-02-09,GBP,1.366046,ecb_frankfurter
2026-02-09,EUR,1.188594,ecb_frankfurter
2026-02-09,CAD,0.734862,ecb_frankfurter
2026-02-10,USD,1.000000,ecb_frankfurter
2026-02-10,GBP,1.367914,ecb_frankfurter
2026-02-10,EUR,1.189400,ecb_frankfurter
2026-02-10,CAD,0.736865,ecb_frankfurter
2026-02-11,USD,1.000000,ecb_frankfurter
2026-02-11,GBP,1.367970,ecb_frankfurter
2026-02-11,EUR,1.189995,ecb_frankfurter
2026-02-11,CAD,0.737409,ecb_frankfurter
2026-02-12,USD,1.000000,ecb_frankfurter
2026-02-12,GBP,1.363104,ecb_frankfurter
2026-02-12,EUR,1.187395,ecb_frankfurter
2026-02-12,CAD,0.736214,ecb_frankfurter
2026-02-13,USD,1.000000,ecb_frankfurter
2026-02-13,GBP,1.360952,ecb_frankfurter
2026-02-13,EUR,1.186197,ecb_frankfurter
2026-02-13,CAD,0.733999,ecb_frankfurter
2026-02-14,USD,1.000000,ecb_frankfurter
2026-02-14,GBP,1.360952,ecb_frankfurter
2026-02-14,EUR,1.186197,ecb_frankfurter
2026-02-14,CAD,0.733999,ecb_frankfurter
2026-02-15,USD,1.000000,ecb_frankfurter
2026-02-15,GBP,1.360952,ecb_frankfurter
2026-02-15,EUR,1.186197,ecb_frankfurter
2026-02-15,CAD,0.733999,ecb_frankfurter
2026-02-16,USD,1.000000,ecb_frankfurter
2026-02-16,GBP,1.364219,ecb_frankfurter
2026-02-16,EUR,1.185494,ecb_frankfurter
2026-02-16,CAD,0.733837,ecb_frankfurter
2026-02-17,USD,1.000000,ecb_frankfurter
2026-02-17,GBP,1.354169,ecb_frankfurter
2026-02-17,EUR,1.182606,ecb_frankfurter
2026-02-17,CAD,0.732279,ecb_frankfurter
2026-02-18,USD,1.000000,ecb_frankfurter
2026-02-18,GBP,1.357755,ecb_frankfurter
2026-02-18,EUR,1.184497,ecb_frankfurter
2026-02-18,CAD,0.732815,ecb_frankfurter
2026-02-19,USD,1.000000,ecb_frankfurter
2026-02-19,GBP,1.345044,ecb_frankfurter
2026-02-19,EUR,1.175295,ecb_frankfurter
2026-02-19,CAD,0.729661,ecb_frankfurter
2026-02-20,USD,1.000000,ecb_frankfurter
2026-02-20,GBP,1.348181,ecb_frankfurter
2026-02-20,EUR,1.176706,ecb_frankfurter
2026-02-20,CAD,0.730300,ecb_frankfurter
2026-02-21,USD,1.000000,ecb_frankfurter
2026-02-21,GBP,1.348181,ecb_frankfurter
2026-02-21,EUR,1.176706,ecb_frankfurter
2026-02-21,CAD,0.730300,ecb_frankfurter
2026-02-22,USD,1.000000,ecb_frankfurter
2026-02-22,GBP,1.348181,ecb_frankfurter
2026-02-22,EUR,1.176706,ecb_frankfurter
2026-02-22,CAD,0.730300,ecb_frankfurter
2026-02-23,USD,1.000000,ecb_frankfurter
2026-02-23,GBP,1.349218,ecb_frankfurter
2026-02-23,EUR,1.178398,ecb_frankfurter
2026-02-23,CAD,0.730460,ecb_frankfurter
2026-02-24,USD,1.000000,ecb_frankfurter
2026-02-24,GBP,1.348872,ecb_frankfurter
2026-02-24,EUR,1.177704,ecb_frankfurter
2026-02-24,CAD,0.729341,ecb_frankfurter
2026-02-25,USD,1.000000,ecb_frankfurter
2026-02-25,GBP,1.352302,ecb_frankfurter
2026-02-25,EUR,1.178398,ecb_frankfurter
2026-02-25,CAD,0.730407,ecb_frankfurter
2026-02-26,USD,1.000000,ecb_frankfurter
2026-02-26,GBP,1.354977,ecb_frankfurter
2026-02-26,EUR,1.181405,ecb_frankfurter
2026-02-26,CAD,0.731315,ecb_frankfurter
2026-02-27,USD,1.000000,ecb_frankfurter
2026-02-27,GBP,1.347146,ecb_frankfurter
2026-02-27,EUR,1.180498,ecb_frankfurter
2026-02-27,CAD,0.731475,ecb_frankfurter
2026-02-28,USD,1.000000,ecb_frankfurter
2026-02-28,GBP,1.347146,ecb_frankfurter
2026-02-28,EUR,1.180498,ecb_frankfurter
2026-02-28,CAD,0.731475,ecb_frankfurter
2026-03-01,USD,1.000000,ecb_frankfurter
2026-03-01,GBP,1.347146,ecb_frankfurter
2026-03-01,EUR,1.180498,ecb_frankfurter
2026-03-01,CAD,0.731475,ecb_frankfurter
2026-03-02,USD,1.000000,ecb_frankfurter
2026-03-02,GBP,1.338598,ecb_frankfurter
2026-03-02,EUR,1.169796,ecb_frankfurter
2026-03-02,CAD,0.731529,ecb_frankfurter
2026-03-03,USD,1.000000,ecb_frankfurter
2026-03-03,GBP,1.331416,ecb_frankfurter
2026-03-03,EUR,1.160604,ecb_frankfurter
2026-03-03,CAD,0.730727,ecb_frankfurter
2026-03-04,USD,1.000000,ecb_frankfurter
2026-03-04,GBP,1.338204,ecb_frankfurter
2026-03-04,EUR,1.164904,ecb_frankfurter
2026-03-04,CAD,0.732172,ecb_frankfurter
2026-03-05,USD,1.000000,ecb_frankfurter
2026-03-05,GBP,1.336166,ecb_frankfurter
2026-03-05,EUR,1.161805,ecb_frankfurter
2026-03-05,CAD,0.733999,ecb_frankfurter
2026-03-06,USD,1.000000,ecb_frankfurter
2026-03-06,GBP,1.333564,ecb_frankfurter
2026-03-06,EUR,1.156096,ecb_frankfurter
2026-03-06,CAD,0.732547,ecb_frankfurter
2026-03-07,USD,1.000000,ecb_frankfurter
2026-03-07,GBP,1.333564,ecb_frankfurter
2026-03-07,EUR,1.156096,ecb_frankfurter
2026-03-07,CAD,0.732547,ecb_frankfurter
2026-03-08,USD,1.000000,ecb_frankfurter
2026-03-08,GBP,1.333564,ecb_frankfurter
2026-03-08,EUR,1.156096,ecb_frankfurter
2026-03-08,CAD,0.732547,ecb_frankfurter
2026-03-09,USD,1.000000,ecb_frankfurter
2026-03-09,GBP,1.335381,ecb_frankfurter
2026-03-09,EUR,1.155495,ecb_frankfurter
2026-03-09,CAD,0.736920,ecb_frankfurter
2026-03-10,USD,1.000000,ecb_frankfurter
2026-03-10,GBP,1.345080,ecb_frankfurter
2026-03-10,EUR,1.164104,ecb_frankfurter
2026-03-10,CAD,0.737844,ecb_frankfurter
2026-03-11,USD,1.000000,ecb_frankfurter
2026-03-11,GBP,1.340968,ecb_frankfurter
2026-03-11,EUR,1.158104,ecb_frankfurter
2026-03-11,CAD,0.735673,ecb_frankfurter
2026-03-12,USD,1.000000,ecb_frankfurter
2026-03-12,GBP,1.338885,ecb_frankfurter
2026-03-12,EUR,1.154694,ecb_frankfurter
2026-03-12,CAD,0.735186,ecb_frankfurter
2026-03-13,USD,1.000000,ecb_frankfurter
2026-03-13,GBP,1.326665,ecb_frankfurter
2026-03-13,EUR,1.147605,ecb_frankfurter
2026-03-13,CAD,0.729767,ecb_frankfurter
2026-03-14,USD,1.000000,ecb_frankfurter
2026-03-14,GBP,1.326665,ecb_frankfurter
2026-03-14,EUR,1.147605,ecb_frankfurter
2026-03-14,CAD,0.729767,ecb_frankfurter
2026-03-15,USD,1.000000,ecb_frankfurter
2026-03-15,GBP,1.326665,ecb_frankfurter
2026-03-15,EUR,1.147605,ecb_frankfurter
2026-03-15,CAD,0.729767,ecb_frankfurter
2026-03-16,USD,1.000000,ecb_frankfurter
2026-03-16,GBP,1.328356,ecb_frankfurter
2026-03-16,EUR,1.147803,ecb_frankfurter
2026-03-16,CAD,0.730941,ecb_frankfurter
2026-03-17,USD,1.000000,ecb_frankfurter
2026-03-17,GBP,1.334152,ecb_frankfurter
2026-03-17,EUR,1.153097,ecb_frankfurter
2026-03-17,CAD,0.729607,ecb_frankfurter
2026-03-18,USD,1.000000,ecb_frankfurter
2026-03-18,GBP,1.331133,ecb_frankfurter
2026-03-18,EUR,1.149994,ecb_frankfurter
2026-03-18,CAD,0.729022,ecb_frankfurter
2026-03-19,USD,1.000000,ecb_frankfurter
2026-03-19,GBP,1.329929,ecb_frankfurter
2026-03-19,EUR,1.148897,ecb_frankfurter
2026-03-19,CAD,0.728544,ecb_frankfurter
2026-03-20,USD,1.000000,ecb_frankfurter
2026-03-20,GBP,1.336791,ecb_frankfurter
2026-03-20,EUR,1.155495,ecb_frankfurter
2026-03-20,CAD,0.729076,ecb_frankfurter
2026-03-21,USD,1.000000,ecb_frankfurter
2026-03-21,GBP,1.336791,ecb_frankfurter
2026-03-21,EUR,1.155495,ecb_frankfurter
2026-03-21,CAD,0.729076,ecb_frankfurter
2026-03-22,USD,1.000000,ecb_frankfurter
2026-03-22,GBP,1.336791,ecb_frankfurter
2026-03-22,EUR,1.155495,ecb_frankfurter
2026-03-22,CAD,0.729076,ecb_frankfurter
2026-03-23,USD,1.000000,ecb_frankfurter
2026-03-23,GBP,1.341814,ecb_frankfurter
2026-03-23,EUR,1.159595,ecb_frankfurter
2026-03-23,CAD,0.729501,ecb_frankfurter
2026-03-24,USD,1.000000,ecb_frankfurter
2026-03-24,GBP,1.337167,ecb_frankfurter
2026-03-24,EUR,1.157207,ecb_frankfurter
2026-03-24,CAD,0.727326,ecb_frankfurter
2026-03-25,USD,1.000000,ecb_frankfurter
2026-03-25,GBP,1.339226,ecb_frankfurter
2026-03-25,EUR,1.159205,ecb_frankfurter
2026-03-25,CAD,0.725531,ecb_frankfurter
2026-03-26,USD,1.000000,ecb_frankfurter
2026-03-26,GBP,1.333760,ecb_frankfurter
2026-03-26,EUR,1.153895,ecb_frankfurter
2026-03-26,CAD,0.722804,ecb_frankfurter
2026-03-27,USD,1.000000,ecb_frankfurter
2026-03-27,GBP,1.328074,ecb_frankfurter
2026-03-27,EUR,1.151702,ecb_frankfurter
2026-03-27,CAD,0.720981,ecb_frankfurter
2026-03-28,USD,1.000000,ecb_frankfurter
2026-03-28,GBP,1.328074,ecb_frankfurter
2026-03-28,EUR,1.151702,ecb_frankfurter
2026-03-28,CAD,0.720981,ecb_frankfurter
2026-03-29,USD,1.000000,ecb_frankfurter
2026-03-29,GBP,1.328074,ecb_frankfurter
2026-03-29,EUR,1.151702,ecb_frankfurter
2026-03-29,CAD,0.720981,ecb_frankfurter
2026-03-30,USD,1.000000,ecb_frankfurter
2026-03-30,GBP,1.322996,ecb_frankfurter
2026-03-30,EUR,1.148396,ecb_frankfurter
2026-03-30,CAD,0.718339,ecb_frankfurter
2026-03-31,USD,1.000000,ecb_frankfurter
2026-03-31,GBP,1.324153,ecb_frankfurter
2026-03-31,EUR,1.149795,ecb_frankfurter
2026-03-31,CAD,0.717618,ecb_frankfurter
2026-04-01,USD,1.000000,ecb_frankfurter
2026-04-01,GBP,1.332179,ecb_frankfurter
2026-04-01,EUR,1.160497,ecb_frankfurter
2026-04-01,CAD,0.719735,ecb_frankfurter
2026-04-02,USD,1.000000,ecb_frankfurter
2026-04-02,GBP,1.320864,ecb_frankfurter
2026-04-02,EUR,1.152499,ecb_frankfurter
2026-04-02,CAD,0.718959,ecb_frankfurter
2026-04-03,USD,1.000000,ecb_frankfurter
2026-04-03,GBP,1.320864,ecb_frankfurter
2026-04-03,EUR,1.152499,ecb_frankfurter
2026-04-03,CAD,0.718959,ecb_frankfurter
2026-04-04,USD,1.000000,ecb_frankfurter
2026-04-04,GBP,1.320864,ecb_frankfurter
2026-04-04,EUR,1.152499,ecb_frankfurter
2026-04-04,CAD,0.718959,ecb_frankfurter
2026-04-05,USD,1.000000,ecb_frankfurter
2026-04-05,GBP,1.320864,ecb_frankfurter
2026-04-05,EUR,1.152499,ecb_frankfurter
2026-04-05,CAD,0.718959,ecb_frankfurter
2026-04-06,USD,1.000000,ecb_frankfurter
2026-04-06,GBP,1.320864,ecb_frankfurter
2026-04-06,EUR,1.152499,ecb_frankfurter
2026-04-06,CAD,0.718959,ecb_frankfurter
2026-04-07,USD,1.000000,ecb_frankfurter
2026-04-07,GBP,1.324468,ecb_frankfurter
2026-04-07,EUR,1.155695,ecb_frankfurter
2026-04-07,CAD,0.718804,ecb_frankfurter
2026-04-08,USD,1.000000,ecb_frankfurter
2026-04-08,GBP,1.347182,ecb_frankfurter
2026-04-08,EUR,1.170604,ecb_frankfurter
2026-04-08,CAD,0.721501,ecb_frankfurter
2026-04-09,USD,1.000000,ecb_frankfurter
2026-04-09,GBP,1.342282,ecb_frankfurter
2026-04-09,EUR,1.168497,ecb_frankfurter
2026-04-09,CAD,0.722387,ecb_frankfurter
2026-04-10,USD,1.000000,ecb_frankfurter
2026-04-10,GBP,1.344466,ecb_frankfurter
2026-04-10,EUR,1.171097,ecb_frankfurter
2026-04-10,CAD,0.723484,ecb_frankfurter
2026-04-11,USD,1.000000,ecb_frankfurter
2026-04-11,GBP,1.344466,ecb_frankfurter
2026-04-11,EUR,1.171097,ecb_frankfurter
2026-04-11,CAD,0.723484,ecb_frankfurter
2026-04-12,USD,1.000000,ecb_frankfurter
2026-04-12,GBP,1.344466,ecb_frankfurter
2026-04-12,EUR,1.171097,ecb_frankfurter
2026-04-12,CAD,0.723484,ecb_frankfurter
2026-04-13,USD,1.000000,ecb_frankfurter
2026-04-13,GBP,1.342102,ecb_frankfurter
2026-04-13,EUR,1.168402,ecb_frankfurter
2026-04-13,CAD,0.722282,ecb_frankfurter
2026-04-14,USD,1.000000,ecb_frankfurter
2026-04-14,GBP,1.356871,ecb_frankfurter
2026-04-14,EUR,1.179301,ecb_frankfurter
2026-04-14,CAD,0.726850,ecb_frankfurter
2026-04-15,USD,1.000000,ecb_frankfurter
2026-04-15,GBP,1.355032,ecb_frankfurter
2026-04-15,EUR,1.177995,ecb_frankfurter
2026-04-15,CAD,0.725584,ecb_frankfurter
2026-04-16,USD,1.000000,ecb_frankfurter
2026-04-16,GBP,1.354353,ecb_frankfurter
2026-04-16,EUR,1.178203,ecb_frankfurter
2026-04-16,CAD,0.728438,ecb_frankfurter
2026-04-17,USD,1.000000,ecb_frankfurter
2026-04-17,GBP,1.353363,ecb_frankfurter
2026-04-17,EUR,1.179704,ecb_frankfurter
2026-04-17,CAD,0.731422,ecb_frankfurter
2026-04-18,USD,1.000000,ecb_frankfurter
2026-04-18,GBP,1.353363,ecb_frankfurter
2026-04-18,EUR,1.179704,ecb_frankfurter
2026-04-18,CAD,0.731422,ecb_frankfurter
2026-04-19,USD,1.000000,ecb_frankfurter
2026-04-19,GBP,1.353363,ecb_frankfurter
2026-04-19,EUR,1.179704,ecb_frankfurter
2026-04-19,CAD,0.731422,ecb_frankfurter
2026-04-20,USD,1.000000,ecb_frankfurter
2026-04-20,GBP,1.351023,ecb_frankfurter
2026-04-20,EUR,1.176000,ecb_frankfurter
2026-04-20,CAD,0.730194,ecb_frankfurter
2026-04-21,USD,1.000000,ecb_frankfurter
2026-04-21,GBP,1.351991,ecb_frankfurter
2026-04-21,EUR,1.176706,ecb_frankfurter
2026-04-21,CAD,0.732225,ecb_frankfurter
2026-04-22,USD,1.000000,ecb_frankfurter
2026-04-22,GBP,1.350129,ecb_frankfurter
2026-04-22,EUR,1.173296,ecb_frankfurter
2026-04-22,CAD,0.731743,ecb_frankfurter
2026-04-23,USD,1.000000,ecb_frankfurter
2026-04-23,GBP,1.350731,ecb_frankfurter
2026-04-23,EUR,1.169399,ecb_frankfurter
2026-04-23,CAD,0.731529,ecb_frankfurter
2026-04-24,USD,1.000000,ecb_frankfurter
2026-04-24,GBP,1.349255,ecb_frankfurter
2026-04-24,EUR,1.171193,ecb_frankfurter
2026-04-24,CAD,0.730941,ecb_frankfurter
2026-04-25,USD,1.000000,ecb_frankfurter
2026-04-25,GBP,1.349255,ecb_frankfurter
2026-04-25,EUR,1.171193,ecb_frankfurter
2026-04-25,CAD,0.730941,ecb_frankfurter
2026-04-26,USD,1.000000,ecb_frankfurter
2026-04-26,GBP,1.349255,ecb_frankfurter
2026-04-26,EUR,1.171193,ecb_frankfurter
2026-04-26,CAD,0.730941,ecb_frankfurter
2026-04-27,USD,1.000000,ecb_frankfurter
2026-04-27,GBP,1.357018,ecb_frankfurter
2026-04-27,EUR,1.174895,ecb_frankfurter
2026-04-27,CAD,0.735294,ecb_frankfurter
2026-04-28,USD,1.000000,ecb_frankfurter
2026-04-28,GBP,1.346946,ecb_frankfurter
2026-04-28,EUR,1.168006,ecb_frankfurter
2026-04-28,CAD,0.731208,ecb_frankfurter
2026-04-29,USD,1.000000,ecb_frankfurter
2026-04-29,GBP,1.351059,ecb_frankfurter
2026-04-29,EUR,1.170604,ecb_frankfurter
2026-04-29,CAD,0.731315,ecb_frankfurter
2026-04-30,USD,1.000000,ecb_frankfurter
2026-04-30,GBP,1.350877,ecb_frankfurter
2026-04-30,EUR,1.170207,ecb_frankfurter
2026-04-30,CAD,0.731636,ecb_frankfurter
2026-05-01,USD,1.000000,ecb_frankfurter
2026-05-01,GBP,1.350877,ecb_frankfurter
2026-05-01,EUR,1.170207,ecb_frankfurter
2026-05-01,CAD,0.731636,ecb_frankfurter
2026-05-02,USD,1.000000,ecb_frankfurter
2026-05-02,GBP,1.350877,ecb_frankfurter
2026-05-02,EUR,1.170207,ecb_frankfurter
2026-05-02,CAD,0.731636,ecb_frankfurter
2026-05-03,USD,1.000000,ecb_frankfurter
2026-05-03,GBP,1.350877,ecb_frankfurter
2026-05-03,EUR,1.170207,ecb_frankfurter
2026-05-03,CAD,0.731636,ecb_frankfurter
2026-05-04,USD,1.000000,ecb_frankfurter
2026-05-04,GBP,1.354830,ecb_frankfurter
2026-05-04,EUR,1.170001,ecb_frankfurter
2026-05-04,CAD,0.734484,ecb_frankfurter
2026-05-05,USD,1.000000,ecb_frankfurter
2026-05-05,GBP,1.353436,ecb_frankfurter
2026-05-05,EUR,1.168607,ecb_frankfurter
2026-05-05,CAD,0.734484,ecb_frankfurter
2026-05-06,USD,1.000000,ecb_frankfurter
2026-05-06,GBP,1.361823,ecb_frankfurter
2026-05-06,EUR,1.176194,ecb_frankfurter
2026-05-06,CAD,0.735186,ecb_frankfurter
2026-05-07,USD,1.000000,ecb_frankfurter
2026-05-07,GBP,1.362119,ecb_frankfurter
2026-05-07,EUR,1.176997,ecb_frankfurter
2026-05-07,CAD,0.733783,ecb_frankfurter
2026-05-08,USD,1.000000,ecb_frankfurter
2026-05-08,GBP,1.361063,ecb_frankfurter
2026-05-08,EUR,1.176097,ecb_frankfurter
2026-05-08,CAD,0.732172,ecb_frankfurter
2026-05-09,USD,1.000000,ecb_frankfurter
2026-05-09,GBP,1.361063,ecb_frankfurter
2026-05-09,EUR,1.176097,ecb_frankfurter
2026-05-09,CAD,0.732172,ecb_frankfurter
2026-05-10,USD,1.000000,ecb_frankfurter
2026-05-10,GBP,1.361063,ecb_frankfurter
2026-05-10,EUR,1.176097,ecb_frankfurter
2026-05-10,CAD,0.732172,ecb_frankfurter
2026-05-11,USD,1.000000,ecb_frankfurter
2026-05-11,GBP,1.360304,ecb_frankfurter
2026-05-11,EUR,1.176498,ecb_frankfurter
2026-05-11,CAD,0.731689,ecb_frankfurter
2026-05-12,USD,1.000000,ecb_frankfurter
2026-05-12,GBP,1.352265,ecb_frankfurter
2026-05-12,EUR,1.173805,ecb_frankfurter
2026-05-12,CAD,0.729607,ecb_frankfurter
2026-05-13,USD,1.000000,ecb_frankfurter
2026-05-13,GBP,1.351004,ecb_frankfurter
2026-05-13,EUR,1.171495,ecb_frankfurter
2026-05-13,CAD,0.730407,ecb_frankfurter
2026-05-14,USD,1.000000,ecb_frankfurter
2026-05-14,GBP,1.350986,ecb_frankfurter
2026-05-14,EUR,1.170207,ecb_frankfurter
2026-05-14,CAD,0.728651,ecb_frankfurter
2026-05-15,USD,1.000000,ecb_frankfurter
2026-05-15,GBP,1.335791,ecb_frankfurter
2026-05-15,EUR,1.162804,ecb_frankfurter
2026-05-15,CAD,0.726956,ecb_frankfurter
2026-05-16,USD,1.000000,ecb_frankfurter
2026-05-16,GBP,1.335791,ecb_frankfurter
2026-05-16,EUR,1.162804,ecb_frankfurter
2026-05-16,CAD,0.726956,ecb_frankfurter
2026-05-17,USD,1.000000,ecb_frankfurter
2026-05-17,GBP,1.335791,ecb_frankfurter
2026-05-17,EUR,1.162804,ecb_frankfurter
2026-05-17,CAD,0.726956,ecb_frankfurter
2026-05-18,USD,1.000000,ecb_frankfurter
2026-05-18,GBP,1.338545,ecb_frankfurter
2026-05-18,EUR,1.164795,ecb_frankfurter
2026-05-18,CAD,0.727749,ecb_frankfurter
2026-05-19,USD,1.000000,ecb_frankfurter
2026-05-19,GBP,1.340698,ecb_frankfurter
2026-05-19,EUR,1.161994,ecb_frankfurter
2026-05-19,CAD,0.726956,ecb_frankfurter
2026-05-20,USD,1.000000,ecb_frankfurter
2026-05-20,GBP,1.340195,ecb_frankfurter
2026-05-20,EUR,1.159999,ecb_frankfurter
2026-05-20,CAD,0.726850,ecb_frankfurter
2026-05-21,USD,1.000000,ecb_frankfurter
2026-05-21,GBP,1.341958,ecb_frankfurter
2026-05-21,EUR,1.159904,ecb_frankfurter
2026-05-21,CAD,0.726216,ecb_frankfurter
2026-05-22,USD,1.000000,ecb_frankfurter
2026-05-22,GBP,1.341742,ecb_frankfurter
2026-05-22,EUR,1.159501,ecb_frankfurter
2026-05-22,CAD,0.724585,ecb_frankfurter
2026-05-23,USD,1.000000,ecb_frankfurter
2026-05-23,GBP,1.341742,ecb_frankfurter
2026-05-23,EUR,1.159501,ecb_frankfurter
2026-05-23,CAD,0.724585,ecb_frankfurter
2026-05-24,USD,1.000000,ecb_frankfurter
2026-05-24,GBP,1.341742,ecb_frankfurter
2026-05-24,EUR,1.159501,ecb_frankfurter
2026-05-24,CAD,0.724585,ecb_frankfurter
2026-05-25,USD,1.000000,ecb_frankfurter
2026-05-25,GBP,1.349837,ecb_frankfurter
2026-05-25,EUR,1.164293,ecb_frankfurter
2026-05-25,CAD,0.723956,ecb_frankfurter
2026-05-26,USD,1.000000,ecb_frankfurter
2026-05-26,GBP,1.346910,ecb_frankfurter
2026-05-26,EUR,1.163399,ecb_frankfurter
2026-05-26,CAD,0.724008,ecb_frankfurter
2026-05-27,USD,1.000000,ecb_frankfurter
2026-05-27,GBP,1.343490,ecb_frankfurter
2026-05-27,EUR,1.163697,ecb_frankfurter
2026-05-27,CAD,0.722857,ecb_frankfurter
2026-05-28,USD,1.000000,ecb_frankfurter
2026-05-28,GBP,1.340447,ecb_frankfurter
2026-05-28,EUR,1.161697,ecb_frankfurter
2026-05-28,CAD,0.721813,ecb_frankfurter
2026-05-29,USD,1.000000,ecb_frankfurter
2026-05-29,GBP,1.342660,ecb_frankfurter
2026-05-29,EUR,1.164402,ecb_frankfurter
2026-05-29,CAD,0.724375,ecb_frankfurter
2026-05-30,USD,1.000000,ecb_frankfurter
2026-05-30,GBP,1.342660,ecb_frankfurter
2026-05-30,EUR,1.164402,ecb_frankfurter
2026-05-30,CAD,0.724375,ecb_frankfurter
2026-05-31,USD,1.000000,ecb_frankfurter
2026-05-31,GBP,1.342660,ecb_frankfurter
2026-05-31,EUR,1.164402,ecb_frankfurter
2026-05-31,CAD,0.724375,ecb_frankfurter
2026-06-01,USD,1.000000,ecb_frankfurter
2026-06-01,GBP,1.346475,ecb_frankfurter
2026-06-01,EUR,1.164605,ecb_frankfurter
2026-06-01,CAD,0.723066,ecb_frankfurter
2026-06-02,USD,1.000000,ecb_frankfurter
2026-06-02,GBP,1.347255,ecb_frankfurter
2026-06-02,EUR,1.164904,ecb_frankfurter
2026-06-02,CAD,0.722700,ecb_frankfurter
2026-06-03,USD,1.000000,ecb_frankfurter
2026-06-03,GBP,1.344682,ecb_frankfurter
2026-06-03,EUR,1.161400,ecb_frankfurter
2026-06-03,CAD,0.721657,ecb_frankfurter
2026-06-04,USD,1.000000,ecb_frankfurter
2026-06-04,GBP,1.345823,ecb_frankfurter
2026-06-04,EUR,1.163995,ecb_frankfurter
2026-06-04,CAD,0.719580,ecb_frankfurter
2026-06-05,USD,1.000000,ecb_frankfurter
2026-06-05,GBP,1.346711,ecb_frankfurter
2026-06-05,EUR,1.163995,ecb_frankfurter
2026-06-05,CAD,0.720357,ecb_frankfurter
2026-06-06,USD,1.000000,ecb_frankfurter
2026-06-06,GBP,1.346711,ecb_frankfurter
2026-06-06,EUR,1.163995,ecb_frankfurter
2026-06-06,CAD,0.720357,ecb_frankfurter
2026-06-07,USD,1.000000,ecb_frankfurter
2026-06-07,GBP,1.346711,ecb_frankfurter
2026-06-07,EUR,1.163995,ecb_frankfurter
2026-06-07,CAD,0.720357,ecb_frankfurter
2026-06-08,USD,1.000000,ecb_frankfurter
2026-06-08,GBP,1.336273,ecb_frankfurter
2026-06-08,EUR,1.154002,ecb_frankfurter
2026-06-08,CAD,0.717515,ecb_frankfurter
2026-06-09,USD,1.000000,ecb_frankfurter
2026-06-09,GBP,1.340393,ecb_frankfurter
2026-06-09,EUR,1.157300,ecb_frankfurter
2026-06-09,CAD,0.718339,ecb_frankfurter
2026-06-10,USD,1.000000,ecb_frankfurter
2026-06-10,GBP,1.338204,ecb_frankfurter
2026-06-10,EUR,1.153895,ecb_frankfurter
2026-06-10,CAD,0.717927,ecb_frankfurter
2026-06-11,USD,1.000000,ecb_frankfurter
2026-06-11,GBP,1.336380,ecb_frankfurter
2026-06-11,EUR,1.153695,ecb_frankfurter
2026-06-11,CAD,0.715359,ecb_frankfurter
2026-06-12,USD,1.000000,ecb_frankfurter
2026-06-12,GBP,1.340249,ecb_frankfurter
2026-06-12,EUR,1.156698,ecb_frankfurter
2026-06-12,CAD,0.714898,ecb_frankfurter
2026-06-13,USD,1.000000,ecb_frankfurter
2026-06-13,GBP,1.340249,ecb_frankfurter
2026-06-13,EUR,1.156698,ecb_frankfurter
2026-06-13,CAD,0.714898,ecb_frankfurter
2026-06-14,USD,1.000000,ecb_frankfurter
2026-06-14,GBP,1.340249,ecb_frankfurter
2026-06-14,EUR,1.156698,ecb_frankfurter
2026-06-14,CAD,0.714898,ecb_frankfurter
2026-06-15,USD,1.000000,ecb_frankfurter
2026-06-15,GBP,1.342120,ecb_frankfurter
2026-06-15,EUR,1.160699,ecb_frankfurter
2026-06-15,CAD,0.715256,ecb_frankfurter
2026-06-16,USD,1.000000,ecb_frankfurter
2026-06-16,GBP,1.340788,ecb_frankfurter
2026-06-16,EUR,1.159393,ecb_frankfurter
2026-06-16,CAD,0.713572,ecb_frankfurter
2026-06-17,USD,1.000000,ecb_frankfurter
2026-06-17,GBP,1.340572,ecb_frankfurter
2026-06-17,EUR,1.159098,ecb_frankfurter
2026-06-17,CAD,0.713674,ecb_frankfurter
2026-06-18,USD,1.000000,ecb_frankfurter
2026-06-18,GBP,1.322856,ecb_frankfurter
2026-06-18,EUR,1.146106,ecb_frankfurter
2026-06-18,CAD,0.707965,ecb_frankfurter
2026-06-19,USD,1.000000,ecb_frankfurter
2026-06-19,GBP,1.323329,ecb_frankfurter
2026-06-19,EUR,1.146697,ecb_frankfurter
2026-06-19,CAD,0.706614,ecb_frankfurter
2026-06-20,USD,1.000000,ecb_frankfurter
2026-06-20,GBP,1.323329,ecb_frankfurter
2026-06-20,EUR,1.146697,ecb_frankfurter
2026-06-20,CAD,0.706614,ecb_frankfurter
2026-06-21,USD,1.000000,ecb_frankfurter
2026-06-21,GBP,1.323329,ecb_frankfurter
2026-06-21,EUR,1.146697,ecb_frankfurter
2026-06-21,CAD,0.706614,ecb_frankfurter
2026-06-22,USD,1.000000,ecb_frankfurter
2026-06-22,GBP,1.324889,ecb_frankfurter
2026-06-22,EUR,1.145593,ecb_frankfurter
2026-06-22,CAD,0.706165,ecb_frankfurter
2026-06-23,USD,1.000000,ecb_frankfurter
2026-06-23,GBP,1.321580,ecb_frankfurter
2026-06-23,EUR,1.139199,ecb_frankfurter
2026-06-23,CAD,0.704871,ecb_frankfurter
2026-06-24,USD,1.000000,ecb_frankfurter
2026-06-24,GBP,1.316084,ecb_frankfurter
2026-06-24,EUR,1.134005,ecb_frankfurter
2026-06-24,CAD,0.702593,ecb_frankfurter
2026-06-25,USD,1.000000,ecb_frankfurter
2026-06-25,GBP,1.316032,ecb_frankfurter
2026-06-25,EUR,1.134198,ecb_frankfurter
2026-06-25,CAD,0.702247,ecb_frankfurter
2026-06-26,USD,1.000000,ecb_frankfurter
2026-06-26,GBP,1.321807,ecb_frankfurter
2026-06-26,EUR,1.140095,ecb_frankfurter
2026-06-26,CAD,0.705119,ecb_frankfurter
2026-06-27,USD,1.000000,ecb_frankfurter
2026-06-27,GBP,1.321807,ecb_frankfurter
2026-06-27,EUR,1.140095,ecb_frankfurter
2026-06-27,CAD,0.705119,ecb_frankfurter
2026-06-28,USD,1.000000,ecb_frankfurter
2026-06-28,GBP,1.321807,ecb_frankfurter
2026-06-28,EUR,1.140095,ecb_frankfurter
2026-06-28,CAD,0.705119,ecb_frankfurter
2026-06-29,USD,1.000000,ecb_frankfurter
2026-06-29,GBP,1.322979,ecb_frankfurter
2026-06-29,EUR,1.140602,ecb_frankfurter
2026-06-29,CAD,0.704027,ecb_frankfurter
2026-06-30,USD,1.000000,ecb_frankfurter
2026-06-30,GBP,1.322139,ecb_frankfurter
2026-06-30,EUR,1.139406,ecb_frankfurter
2026-06-30,CAD,0.702445,ecb_frankfurter
2026-07-01,USD,1.000000,ecb_frankfurter
2026-07-01,GBP,1.324012,ecb_frankfurter
2026-07-01,EUR,1.138304,ecb_frankfurter
2026-07-01,CAD,0.703037,ecb_frankfurter
2026-07-02,USD,1.000000,ecb_frankfurter
2026-07-02,GBP,1.330654,ecb_frankfurter
2026-07-02,EUR,1.139900,ecb_frankfurter
2026-07-02,CAD,0.703532,ecb_frankfurter
2026-07-03,USD,1.000000,ecb_frankfurter
2026-07-03,GBP,1.335506,ecb_frankfurter
2026-07-03,EUR,1.144793,ecb_frankfurter
2026-07-03,CAD,0.704126,ecb_frankfurter
2026-07-04,USD,1.000000,ecb_frankfurter
2026-07-04,GBP,1.335506,ecb_frankfurter
2026-07-04,EUR,1.144793,ecb_frankfurter
2026-07-04,CAD,0.704126,ecb_frankfurter
2026-07-05,USD,1.000000,ecb_frankfurter
2026-07-05,GBP,1.335506,ecb_frankfurter
2026-07-05,EUR,1.144793,ecb_frankfurter
2026-07-05,CAD,0.704126,ecb_frankfurter
2026-07-06,USD,1.000000,ecb_frankfurter
2026-07-06,GBP,1.334490,ecb_frankfurter
2026-07-06,EUR,1.141500,ecb_frankfurter
2026-07-06,CAD,0.703087,ecb_frankfurter
2026-07-07,USD,1.000000,ecb_frankfurter
2026-07-07,GBP,1.338581,ecb_frankfurter
2026-07-07,EUR,1.143301,ecb_frankfurter
2026-07-07,CAD,0.703334,ecb_frankfurter
2026-07-08,USD,1.000000,ecb_frankfurter
2026-07-08,GBP,1.334811,ecb_frankfurter
2026-07-08,EUR,1.140394,ecb_frankfurter
2026-07-08,CAD,0.705020,ecb_frankfurter
2026-07-09,USD,1.000000,ecb_frankfurter
2026-07-09,GBP,1.339567,ecb_frankfurter
2026-07-09,EUR,1.143498,ecb_frankfurter
2026-07-09,CAD,0.705766,ecb_frankfurter
2026-07-10,USD,1.000000,ecb_frankfurter
2026-07-10,GBP,1.342264,ecb_frankfurter
2026-07-10,EUR,1.143001,ecb_frankfurter
2026-07-10,CAD,0.706564,ecb_frankfurter
2026-07-11,USD,1.000000,ecb_frankfurter
2026-07-11,GBP,1.342264,ecb_frankfurter
2026-07-11,EUR,1.143001,ecb_frankfurter
2026-07-11,CAD,0.706564,ecb_frankfurter
2026-07-12,USD,1.000000,ecb_frankfurter
2026-07-12,GBP,1.342264,ecb_frankfurter
2026-07-12,EUR,1.143001,ecb_frankfurter
2026-07-12,CAD,0.706564,ecb_frankfurter
2026-07-13,USD,1.000000,ecb_frankfurter
2026-07-13,GBP,1.338796,ecb_frankfurter
2026-07-13,EUR,1.142400,ecb_frankfurter
2026-07-13,CAD,0.707464,ecb_frankfurter
2026-07-14,USD,1.000000,ecb_frankfurter
2026-07-14,GBP,1.338384,ecb_frankfurter
2026-07-14,EUR,1.140498,ecb_frankfurter
2026-07-14,CAD,0.708617,ecb_frankfurter
